Study_ID,DOI,DOI_URL,Title,Authors,Issue_year,Online_year,Journal,Source_PDF,Species,Taxon,Test_life_stage,Adult_role,Generation_design,Aquatic_system,Polymer,Particle_class,Nominal_size,Measured_size,Shape,Aging_or_surface_state,Fluorescent_label,Exposure_route,Exposure_regime,Exposure_start,Exposure_duration,Concentration_levels,Concentration_unit,Particle_only_arm,Co_stressor,Control_structure,Independent_unit,Biological_replicates,Organisms_per_unit,Environmental_realism,Biomarker_domains,Apical_domains,Same_experiment_link,Quantitative_status,Supplement_status,Raw_data_status,Eligibility_status,Manual_review_status,Key_quality_note,Same_experiment_biomarker_apical,Clear_treatment_control_mapping,Temporal_alignment,Group_means_reported,Variance_reported,Group_specific_independent_n,Experimental_unit_reported,Public_raw_or_complete_numeric_data,YES_count,NO_count,UC_count,Evaluated_count,Usability_proportion,Complete_8_item_score,Interpretive_note,Publication_year,Taxon_group,Habitat_group,Exposure_route_group,Polymer_group,Particle_class_group,Life_stage_group,Generation_group,Quantitative_reuse_class,Publication_year_final,Taxon_group_final,Exposure_route_final,Polymer_group_final,Particle_class_final
B1-001,10.1039/d0en00952k,https://doi.org/10.1039/d0en00952k,Interactive transgenerational effects of polystyrene nanoplastics and ethylhexyl salicylate on zebrafish,Zhou R; Lu G; Yan Z; Jiang R; Sun Y; Zhang P,2021,2020,Environmental Science: Nano,0001_2021_Interactive_transgenerational_effects_of_polystyrene_nanoplastics_and_ethylhexyl_salicylate_on_zebrafish_d0en00952k.pdf,Danio rerio,Fish,Adult F0; embryo and larva F1,F0 adults directly exposed,F0 parental exposure with F1(-) depuration and F1(+) continued exposure,Freshwater laboratory,Polystyrene,Nanoplastic,100 nm,105.7 nm hydrodynamic diameter,Spherical granular,Manufactured particle; no aging procedure reported,Yes,Waterborne,Daily-renewal exposure in 2 L glass beakers,F0 at 3 months old; F1 from collected eggs,F0 28 d; F1 evaluated to 5 dpf,"10 PS-NP; EHS 1, 10, 100; mixtures 1+10, 10+10, 100+10",µg/L,YES,Ethylhexyl salicylate,Blank water control and 0.01% DMSO solvent control,Replicate beaker for F0; replicate embryo cohort for Table 1,3,18 fish/beaker; Table 1 states 50 embryos/replicate,Not formally benchmarked; PS-NP dose 10 µg/L,Endocrine; oxidative stress; genotoxicity; apoptosis,Hatching; malformation; survival,YES,Exact arm-level values available for developmental Table 1; biomarker values are figure-only,ESI exists but was not included in this batch,No public raw-data statement in main article,INCLUDE,Manually verified,Embryo allocation text conflicts with the Table 1 footnote; biomarker pooling and independent unit require ESI confirmation.,YES,YES,YES,YES,YES,YES,YES,NO,,,,,,,"The exposure unit is described, but biomarker pooling details remain incomplete. ESI review is still required.",2020,Fish,Freshwater,Waterborne,PS,Nanoplastic,Multiple stages or life cycle,Inter- or multigenerational,Fully reusable for conventional effect size,2020,Fish,Waterborne,PS,Nanoplastic
B1-002,10.1016/j.cbpc.2025.110397,https://doi.org/10.1016/j.cbpc.2025.110397,Polystyrene microplastics and nanoplastics induce neurotoxicity in zebrafish via oxidative stress and neurotransmitter disruption,Li J; Chen Y; Chen Y; Xie H; Wu G; Zhang Y; Wu K,2026,2025,Comparative Biochemistry and Physiology Part C,0002_2026_Polystyrene_microplastics_and_nanoplastics_induce_neurotoxicity_in_zebrafish_via_oxidative_stress_and_neu_j.cbpc.2025.110397.pdf.pdf,Danio rerio,Fish,Embryo and larva,Adults used only as broodstock,Single-generation early-life exposure,Freshwater laboratory,Polystyrene,Microplastic and nanoplastic,5 µm MP; 60 nm NP,SEM/ImageJ characterization reported; exact measured values not tabulated in main text,Spherical microspheres and nanospheres,Manufactured particle; no aging procedure reported,Parallel fluorescently labeled particles,Waterborne,Semi-static; >50% solution renewed daily in 7.5 cm dishes,2 hpf,2 hpf to 7 dpf,"0, 0.05, 0.5, 5, 50",mg/L,YES,,Ultrapure-water control,Exposure dish; endpoint-specific subsamples or pooled larvae from each replicate,3,"80 embryos/dish; endpoint subsamples 6, 7, 25, or 30 larvae/replicate",Low; authors state doses exceeded typical natural concentrations,Oxidative stress; neurotransmitters; neurodevelopmental gene expression; behavior; physiology,Growth; development and malformation; hatching; mortality,YES,Main article reports figure means and SD but no exact numeric table; requires supplement or digitization,Supplementary data exist but were not included in this batch,Available on request only,INCLUDE,Manually verified,Results and Discussion conflict on hatching/mortality significance; developmental assessment timepoints and Fig. 7 replicate sizes also require clarification.,YES,YES,YES,YES,YES,YES,YES,NO,,,,,,,Replicate composition is endpoint-specific and mostly reported. Exact numeric data are figure-only and raw data are available only on request.,2025,Fish,Freshwater,Waterborne,PS,Nano–micro mixed or boundary,Embryo or larva,Single-generation,Fully reusable for conventional effect size,2025,Fish,Waterborne,PS,Nano–micro mixed or boundary
B1-003,10.1016/j.aquatox.2025.107542,https://doi.org/10.1016/j.aquatox.2025.107542,Aged nanoplastics reprogram the ER stress-autophagy crosstalk: A mechanistic gateway to skeletal malformations in zebrafish,Long S; Wen X; Dai M; Pan Y; Liu W; Zhan C,2025,2025,Aquatic Toxicology,0003_2025_Aged_nanoplastics_reprogram_the_ER_stress-autophagy_crosstalk_A_mechanistic_gateway_to_skeletal_malformat_j.aquatox.2025.107542.pdf.pdf,Danio rerio,Fish,Embryo and larva,Adults used only as broodstock,Single-generation early-life exposure,Freshwater laboratory,Polystyrene,Nanoplastic,80 nm,Pristine 59.63 nm; UV-aged 47.28 nm mean hydrodynamic size,Pristine spherical; aged particles cracked and more irregular,Pristine versus laboratory UV-aged for 48 h at UVC 254 nm,No particle fluorescence label reported,Waterborne,Static-renewal in 30 mL glass Petri dishes; complete medium replacement daily,Within 4 hpf,4 hpf to 7 dpf,"0, 1, 10",mg/L,YES,,0 mg/L particle-free control,Glass Petri dish is the exposure unit; endpoint-specific dish replication is incompletely reported,Minimum 3 overall; n=6 for qPCR and several figures; n=3 for histology and western blot,50 embryos/dish; qPCR pools of 25 larvae/sample tube,"Authors describe environmentally relevant exposure, but no direct field benchmark is provided and UV aging is a laboratory proxy",Oxidative stress; calcium homeostasis; histopathology; ER stress; autophagy; skeletal-development gene expression; protein expression,Hatching; survival/mortality; body length; skeletal malformation,YES,All outcome means and SEM are figure-only; no exact outcome table in the main article,Supplementary material exists but was not supplied in this batch,Available on request only,INCLUDE,Manually verified,"Treatment mapping and time alignment are strong, but endpoint-specific independent exposure-unit counts are not consistently distinguished from organism counts.",YES,YES,YES,YES,YES,UC,UC,NO,,,,,,,"Biomarker and apical outcomes are matched by arm and 7 dpf, but organism counts and exposure-unit replication are not consistently distinguished across endpoints; raw data are request-only.",2025,Fish,Freshwater,Waterborne,PS,Nanoplastic,Embryo or larva,Single-generation,Partially reusable,2025,Fish,Waterborne,PS,Nanoplastic
B1-004,10.1016/j.cbpc.2025.110216,https://doi.org/10.1016/j.cbpc.2025.110216,"Polystyrene nanoplastics cause developmental abnormalities, oxidative damage and immune toxicity in early zebrafish development",Saputra F; Pramata AD; Soegianto A; Hu SY,2025,2025,Comparative Biochemistry and Physiology Part C,0004_2025_Polystyrene_nanoplastics_cause_developmental_abnormalities_oxidative_damage_and_immune_toxicity_in_early_j.cbpc.2025.110216.pdf.pdf,Danio rerio,Fish,Embryo and larva,Adults used only as broodstock,Single-generation early-life exposure,Freshwater laboratory,Polystyrene,Nanoplastic,25 nm,No independent size measurement reported in the article,Not explicitly characterized in the article,Commercial fluorescent particles; no aging or weathering procedure,"Yes; red dye, excitation 542 nm and emission 612 nm",Waterborne,Daily-renewal exposure in 6-well plates,2 hpf,2 to 120 hpf,"0, 0.01, 0.1, 1, 10, 100",µg/mL,YES,,Distilled-water control stated in exposure section,Spawn-associated well; experiments repeated with eggs from three independent spawns,3,50 embryos/well; qPCR pools of 20 larvae/replicate; endpoint subsamples commonly n=20,No field concentration benchmark; 100 µg/mL caused severe acute toxicity and was excluded from later endpoints,Particle accumulation; antioxidant gene expression; oxidative-stress response; immune and inflammatory gene expression,Survival; hatching; malformation; body length; eye size; yolk-sac area; locomotor performance,YES,Means and SD are figure-only; no exact numeric outcome table in the main article,No supplementary-material statement located in the main article,Available on request only,INCLUDE,Manually verified,"Independent-spawn replication is explicit, but the article does not characterize actual particle size/shape and the distilled-water control description should be reconciled with embryo-medium husbandry.",YES,YES,YES,YES,YES,YES,YES,NO,,,,,,,Three independent spawns and endpoint-specific pooling are reported; all group means remain figure-only and raw data are request-only.,2025,Fish,Freshwater,Waterborne,PS,Nanoplastic,Embryo or larva,Single-generation,Fully reusable for conventional effect size,2025,Fish,Waterborne,PS,Nanoplastic
B1-005,10.1016/j.envpol.2025.127070,https://doi.org/10.1016/j.envpol.2025.127070,Maternal polystyrene nanoplastics suppress zebrafish offspring development and locomotion through mitochondrial dysfunction,Cao F; Liu B; Hou X; Shi J; Li P; Zhang X; Zhang S; Zhao Q,2025,2025,Environmental Pollution,0005_2025_Maternal_polystyrene_nanoplastics_suppress_zebrafish_offspring_development_and_locomotion_through_mitocho_j.envpol.2025.127070.pdf.pdf,Danio rerio,Fish,"F0 embryo, juvenile and adult female; F1 embryo and larva",F0 females were directly exposed through maturation and crossed with unexposed males,Maternal intergenerational design; F0 exposed and F1 not directly exposed,Freshwater laboratory,Polystyrene,Nanoplastic,50 nm,SEM 54.2 ± 3.4 nm; DLS 61.0 ± 4.4 nm at 0 h and 63.4 ± 4.1 nm at 24 h,Spherical,Commercial europium-chelated fluorescent PS-NP; no aging/weathering procedure,"Yes; europium-chelated PS-Eu, excitation 360 nm and emission 615 nm",F0 waterborne; F1 indirect maternal exposure without direct particle treatment,Daily-renewal F0 exposure for 120 d; exposed female × unexposed male breeding; F1 assessed to 144 hpf,F0 at 2–4 hpf,"F0 120 d; F1 outcomes at 0, 24, 72 and 144 hpf","0, 1, 10, 100",µg/L,YES,,Maternal 0 µg/L PS-Eu control; unexposed males used in all crosses,Three maternal biological replicates per treatment with four breeding crosses per replicate; physical F0 exposure-vessel structure not specified,3 maternal biological replicates per treatment; two locomotor trials; endpoint-specific offspring subsamples,60 F1 embryos/replicate for development; 10 measured/replicate for morphometrics; 24 larvae/replicate stated for locomotion; 100 pooled embryos/replicate RNA-seq; 50 pooled embryos/replicate RT-qPCR,Authors benchmarked 1–100 µg/L against reported aquatic concentrations of 0.03–488 µg/L,"Mitochondrial respiration; transcriptomics; oxidative-phosphorylation pathway; RT-qPCR of atp5po, uqcrq, atp5pd and atp5l",Head area; body length; malformation; locomotor performance,YES,Outcome means and SEM are figure-only; RNA-seq raw data are public and exact DEG counts are reported,Supplementary data exist but were not supplied in this batch,RNA-seq public at GEO GSE299143; other endpoint raw data not reported as public,INCLUDE,Manually verified,"Maternal treatment mapping and temporal ordering are strong, but the F0 physical exposure unit and some offspring n definitions are incompletely reported.",YES,YES,YES,YES,YES,UC,UC,NO,,,,,,,"Biomarker and apical outcomes share maternal treatment arms and ordered timepoints. Means and SEM are reported in figures, but physical F0 exposure units and several offspring n definitions are unclear; only RNA-seq raw data are public.",2025,Fish,Freshwater,Waterborne,PS,Nanoplastic,Multiple stages or life cycle,Inter- or multigenerational,Partially reusable,2025,Fish,Waterborne,PS,Nanoplastic
B1-006,10.3390/toxics13030165,https://doi.org/10.3390/toxics13030165,Effects of Exposure to Different Types of Microplastics on the Growth and Development of Rana zhenhaiensis Tadpoles,Xiao S; Chen H; Gao X; He X; Jin R; Wei Y; Li S; Xie L; Zhang Y,2025,2025,Toxics,0006_2025_Effects_of_Exposure_to_Different_Types_of_Microplastics_on_the_Growth_and_Development_of_Rana_zhenhaiensi_toxics13030165.pdf.pdf,Rana zhenhaiensis,Amphibian,"Tadpole, Gosner stage 26 to 42",,Single-generation chronic tadpole exposure,Freshwater laboratory,Polypropylene; polystyrene; polyethylene in separate single-polymer arms,Microplastic,6 µm,No independent size measurement reported; vendor specification only,Spherical microspheres,Commercial raw microspheres; no aging/weathering procedure,No,Waterborne exposure in glass containers; ingestion is possible but was not a separate dosing route,4 L glass containers; two-thirds of solution renewed every 2 d,Gosner stage 26,"Until Gosner stage 42; treatment-dependent, approximately 35–75 d",0 or 50 for each polymer-specific arm,mg/L,YES,,Dechlorinated tap-water control,Glass container; 3 containers per treatment inferred directly from 120 tadpoles/treatment and 40 tadpoles/container,3 exposure containers per treatment; endpoint-specific downstream samples vary,"40 tadpoles/container, 120/treatment; morphology n=30/treatment; histology n=3/treatment; microbiome pools of 5 tadpoles; transcriptome pools of 4 tadpoles",50 mg/L represents a severe contamination scenario and the authors acknowledge that such concentrations are likely uncommon in nature,Liver histopathology; intestinal microbiome; oxidative-stress genes; energy and lipid metabolism; immune signaling; apoptosis transcriptomics,Mortality; metamorphosis; body weight; body length; hind-limb length,YES,"Exact text-reported mortality means and SD enable three comparisons; other outcomes are figure-only, qualitative, or sequencing based",Supplementary Table S1 exists but was not supplied in this batch,Microbiome and liver transcriptome raw data public at CNGB CRA023047 and CRA023057; other data available on request,INCLUDE,Manually verified,"Exposure-container replication is reconstructable, but downstream sample nesting and the liver-transcriptome wording contain ambiguities; PE lacked microbiome and transcriptome follow-up because few animals metamorphosed.",YES,YES,YES,YES,YES,YES,YES,NO,,,,,,,"Exact mortality means and SD with container-level n are available. Sequencing raw data are public, but complete cross-level phenotypic data are not, and downstream sample nesting has some ambiguities.",2025,Amphibian,Freshwater,Waterborne,Mixed polymers,Microplastic,Embryo or larva,Single-generation,Fully reusable for conventional effect size,2025,Amphibian,Waterborne,Mixed polymers,Microplastic
B1-007,10.3390/environments12080252,https://doi.org/10.3390/environments12080252,Effects of Dietary Exposure to Polystyrene Microplastics on the Thyroid Gland in Xenopus laevis,Pablos MV; Jiménez MdLA; Beltrán EM; García-Hortigüela P; de Saint-Germain ML; González-Doncel M,2025,2025,Environments,0007_2025_Effects_of_Dietary_Exposure_to_Polystyrene_Microplastics_on_the_Thyroid_Gland_in_Xenopus_laevis_environments12080252.pdf.pdf,Xenopus laevis,Amphibian,"Tadpole, Nieuwkoop and Faber stage 51 to approximately stages 56-60",Adults were breeding-colony broodstock only and were not experimental exposure subjects,Single-generation 21-day Amphibian Metamorphosis Assay,Freshwater laboratory,Polystyrene,Microplastic,Ground and sieved to ≤200 µm,Laser diffraction P10 67.4 µm; P50 161 µm; P90 302 µm; mode 180 µm,Irregular heterogeneous fragments,Virgin laboratory PS test tubes mechanically fragmented; not environmentally weathered,No,Dietary incorporation; nominal water-equivalent mass concentrations also reported,Daily contaminated diet for 21 d in 5 L aquaria; 100% water renewal three times weekly,N&F stage 51,21 d,"Control; 0.84 and 8.4 mg PS/g food/day, corresponding to 50 and 500 µg/L and 250 and 2500 µg/aquarium/day",mg/g food/day with µg/L nominal water equivalent,YES,,Uncontaminated Sera Micron diet control,Aquarium; four aquaria per treatment,4 aquaria per treatment,22 tadpoles initially/aquarium; day 7 sample 5/aquarium; day 21 remaining animals; histology and EM use endpoint-specific subsets,"Dietary particles were intended to mimic irregular environmental fragments, but individual ingested dose was not quantified and particle-number exposure was inferred from prior work",Thyroid histopathology; multi-organ histopathology; enterocyte and hepatocyte ultrastructure,Mortality; malformation; developmental stage; whole-body length; snout-vent length; hind-limb ratio; wet weight,YES,Exact replicate-level mortality counts and developmental-stage counts are available; morphometrics are boxplot-only without means and variance,Supplementary Tables S1-S4 exist but were not supplied in this batch,Article and supplement are stated to contain original contributions; complete individual-level morphometric data are not provided,INCLUDE,Manually verified,"Aquarium replication is clear. One PS 1X aquarium had an air-pump failure, histology endpoint denominators are incompletely specified, and reported size distribution extends above the stated ≤200 µm sieve cutoff.",YES,YES,YES,NO,NO,YES,YES,NO,,,,,,,"Aquarium-level exposure design and treatment mapping are clear. Exact count tables are available, but morphometric outcomes use boxplots without means/variance, histology denominators are unclear, and complete individual-level data are not public.",2025,Amphibian,Freshwater,Dietary,PS,Microplastic,Embryo or larva,Single-generation,Directional or nonstandard evidence only,2025,Amphibian,Dietary,PS,Microplastic
B1-008,10.1021/acssuschemeng.4c10847,https://doi.org/10.1021/acssuschemeng.4c10847,Simulated Environmental Nanoplastics Induce Zebrafish Developmental Toxicity and Stress Response,Saraceni A; Rubin AE; Wexler Y; Gothilf Y; Bovolin P; Zucker I,2025,2025,ACS Sustainable Chemistry & Engineering,0008_2025_Simulated_Environmental_Nanoplastics_Induce_Zebrafish_Developmental_Toxicity_and_Stress_Response_acssuschemeng.4c10847.pdf.pdf,Danio rerio,Fish,"Embryo and larva, 4 hpf to 6 dpf; AB wild type and GRE/HRE reporter lines",Adults were broodstock only and were not experimental exposure subjects,Single-generation early-life-stage exposure,Freshwater embryo-water laboratory system,Polystyrene,Nanoplastic as classified by authors; measured hydrodynamic means approximately 111-160 nm,Commercial beads and top-down simulated environmental nanoparticles,Beads 160 ± 1 nm; SEPs 110.7 ± 3.8 nm; semi-environmental characterization sample 94.2 ± 1.2 nm,Commercial beads smooth and spherical; SEPs rough and irregular,"Beads pristine; SEPs thermally, UV and mechanically weathered with oxidized carboxylated surface",No particle label; transgenic zebrafish reporters express eGFP,Waterborne in embryo water,Glass Petri dishes containing 50 mL embryo water; exposure from 4 hpf to 6 dpf,4 hpf,To 6 dpf; survival and hatching assessed through 4 dpf,"0, 0.01 and 0.1",mg/L,YES,None; 250 mM NaCl served only as a positive stress control in the cortisol assay,Embryo-water negative control; particle-type matched doses for beads and SEPs in developmental assay,Independent experiment/biological replicate; Petri-dish and larvae-per-dish structure not fully reported,All in vivo experiments at least three times; qPCR four biological replicates,qPCR pool 15 larvae/biological replicate; cortisol pool 15 larvae/condition; reporter n=30 with allocation wording unclear; locomotor and development n not fully reported,"SEPs were generated by accelerated thermal, UV and mechanical weathering to approximate environmental particles; a seven-month outdoor-weathered sample was characterized but not used in toxicity tests","Cortisol; glucocorticoid reporter fluorescence; hypoxia reporter fluorescence; fkbp5, hpxa and pfkfb3 expression",Survival; hatching; body length; locomotor activity and immobility,YES,"Developmental, cortisol, reporter and locomotor means are figure-only; exact qPCR fold changes and 95% confidence intervals are text-reported",Supporting PDF with primers and representative reporter images exists but was not supplied in this batch,No raw-data repository or explicit complete data-availability statement identified in the main article,INCLUDE,Manually verified,"Particle and treatment contrasts are clear, but endpoint-specific experimental n and Petri-dish nesting are incompletely reported. Semi-environmental particles were characterization-only and must not be coded as a toxicity arm.",YES,YES,YES,YES,YES,UC,UC,NO,,,,,,,"Means and SEM are presented for most figure outcomes and exact qPCR effects have confidence intervals. Endpoint-specific independent n, larvae-per-dish structure and raw-data availability remain incomplete.",2025,Fish,Freshwater,Waterborne,PS,Nanoplastic,Embryo or larva,Single-generation,Partially reusable,2025,Fish,Waterborne,PS,Nanoplastic
B1-009,10.1016/j.scitotenv.2024.173253,https://doi.org/10.1016/j.scitotenv.2024.173253,Polystyrene nanoplastics exert cardiotoxicity through the Notch and Wnt pathways in zebrafish (Danio rerio),Liu W; Zeng M; Zhan C; Wen J; Wang J,2024,2024,Science of the Total Environment,0009_2024_Polystyrene_nanoplastics_exert_cardiotoxicity_through_the_Notch_and_Wnt_pathways_in_zebrafish_(Danio_reri_j.scitotenv.2024.173253.pdf.pdf,Danio rerio,Fish,"Embryo and larva, within 4 hpf to 7 dpf",Adults used only as broodstock,Single-generation early-life exposure,Freshwater laboratory,Polystyrene,Nanoplastic,80 nm,No independent size distribution or hydrodynamic measurement reported; vendor nominal diameter only,Spherical,"Commercial pristine PSNP stock, 1% w/v; no aging or weathering procedure",No,Waterborne,30 embryos in 30 mL aerated water per glass culture dish; PSNP water replaced daily,Within 4 hpf,7 days; mechanistic endpoints at days 4 and 7,"0, 1, 10, 100",µg/mL,YES,,0 µg/mL PSNP aerated-water control,Glass culture dish is the nominal exposure unit; mapping of caption n to dishes or pooled assays is not stated,Most endpoints n=6; SOD n=3; swimming frequency n≥10; endpoint-specific replicate composition unclear,30 embryos/dish in the exposure design; larvae per molecular or biochemical sample not reported,Authors state that selected concentrations cover natural conditions; no analytical verification of exposure concentration or particle behaviour in medium was reported,Heart-development gene expression; Notch and Wnt signaling; endoplasmic-reticulum stress; calcium homeostasis; mitochondrial gene expression; SOD activity,Hatching; survival; cardiac malformation and pericardial edema; swimming frequency,YES,All outcome means and SEM are figure-only; no exact numeric outcome table or text-reported arm means,No supplementary outcome file identified in the supplied article,Available on request only,INCLUDE,Manually verified,"The mechanistic-to-cardiac phenotype chain is extensive and temporally aligned, but exposure-unit mapping, assay pool composition, measured particle characteristics, and public numeric data are incomplete.",YES,YES,YES,YES,YES,UC,UC,NO,,,,,,,"Mechanistic and apical outcomes share particle-only arms and overlapping days 4-7. Means and SEM are shown, but the mapping of figure n to dishes or pooled samples is unclear and no public raw data are available.",2024,Fish,Freshwater,Waterborne,PS,Nanoplastic,Embryo or larva,Single-generation,Partially reusable,2024,Fish,Waterborne,PS,Nanoplastic
B1-010,10.1016/j.ecoenv.2024.117096,https://doi.org/10.1016/j.ecoenv.2024.117096,Polystyrene nanoplastics mediate skeletal toxicity through oxidative stress and the BMP pathway in zebrafish (Danio rerio),Liu W; Zeng M; Li Y; Chen G; Wang J,2024,2024,Ecotoxicology and Environmental Safety,0010_2024_Polystyrene_nanoplastics_mediate_skeletal_toxicity_through_oxidative_stress_and_the_BMP_pathway_in_zebraf_j.ecoenv.2024.117096.pdf.pdf,Danio rerio,Fish,"Fertilized egg, embryo and larva to 7 dpf",Adults used only as broodstock,Single-generation early-life exposure,Freshwater laboratory,Polystyrene,Nanoplastic,80 nm,No independent size distribution or hydrodynamic measurement reported; vendor nominal diameter only,Spherical,"Commercial pristine PSNP stock, 2.5% w/v; no aging or weathering procedure",No,Waterborne,"Fertilized eggs assigned to 0, 1, 10 and 100 µg/mL groups; exposure water renewed every three days; vessel and volume not reported",After fertilization; exact hpf not reported,"7 days; outcomes at 48, 72 and 96 hpf and days 4 and 7","0, 1, 10, 100",µg/mL,YES,,0 µg/mL PSNP waterborne control,"Captions define n as experimental replicates, but the physical exposure vessel and organisms per replicate are not described","Most endpoints n=6; ROS, Caspase 3 and AKP n=3; body length n≥12",Not reported,Authors describe concentrations as environmentally relevant; no analytical verification of exposure concentration or particle behaviour in medium was reported,Skeletal-development and BMP-Smad gene expression; ROS; antioxidant and apoptosis gene expression; Caspase 3 activity; alkaline phosphatase activity,Hatching; body length; spinal curvature and skeletal deformity,YES,All outcome means and SEM are figure-only; no exact numeric outcome table or text-reported arm means,No supplementary outcome file identified in the supplied article,Available on request only,INCLUDE,Manually verified,"Captions identify experimental-replicate n, but physical unit composition is absent. The abstract and primer/results sections disagree on bmp2a versus bmp2b, and the Fig. 7 caption states increased AKP although the graph and text show a decrease.",YES,YES,YES,YES,YES,UC,UC,NO,,,,,,,"Mechanistic and apical outcomes are arm- and time-aligned. Captions call n experimental replicates, but body length is reported only as n≥12 and the physical exposure unit and organisms per replicate are not described; no public raw data are available.",2024,Fish,Freshwater,Waterborne,PS,Nanoplastic,Embryo or larva,Single-generation,Partially reusable,2024,Fish,Waterborne,PS,Nanoplastic
B1-011,10.1016/j.scitotenv.2024.175555,https://doi.org/10.1016/j.scitotenv.2024.175555,Hazardous effects of plastic microfibres from facial masks to aquatic animal health: Insights from zebrafish model,Qualhato G; Dias FC; Rocha TL,2024,2024,Science of the Total Environment,0011_2024_Hazardous_effects_of_plastic_microfibres_from_facial_masks_to_aquatic_animal_health_Insights_from_zebrafi_j.scitotenv.2024.175555.pdf.pdf,Danio rerio,Fish,"Embryo and larva, blastula stage up to 4 hpf through 144 hpf",Adults were broodstock only and were not exposed,Single-generation embryo-larval exposure,Freshwater reconstituted-water laboratory system,Polypropylene-rich fibres from surgical masks and polyethylene terephthalate-rich fibres from N95 masks,Mask-derived microfibres and fragments in whole leachate,No single nominal size; heterogeneous mask-derived fibres,SC-Msk length 112.7 ± 57.12 µm and width 4.28 ± 1.16 µm; N95-Msk length 37.89 ± 11.69 µm and width 2.15 ± 0.50 µm,"Heterogeneous fibres, flattened ribbons, wool-like filaments and smaller fragments",Unused masks mechanically leached for 24 h; not environmentally aged; rough heterogeneous surfaces,Particles stained with Nile Red only for interaction imaging; no intrinsic particle label,Waterborne whole mask-leachate exposure,"Static exposure in 24-well plates, one embryo in 2 mL per well, no medium renewal","Blastula stage, up to 4 hpf",144 h,0; 1000; 10000; 100000,particles/L,NO,"Co-leached metals, salts, additives and other soluble mask constituents were not separated from PMFs","Reconstituted-water negative control and 4 mg/L 3,4-dichloroaniline positive control; no particle-free mask-leachate control",Individual well/embryo nested within three replicate blocks,3 replicate blocks per concentration,10 embryos per replicate block; 30 embryos per group; endpoint subsets of 10 or 15 animals,Two lower concentrations were selected as environmentally relevant and 100000 particles/L as a pessimistic scenario; leachate composition complicates particle-specific inference,Spontaneous contractions; heart rate; reactive oxygen species; cell viability; particle-chorion interaction,Survival; mortality; hatching; morphology; larval locomotor behaviour,"YES for whole-leachate treatment arms, but not attributable specifically to plastic particles",Exact text-reported relative effects and percentages plus figure-level SD; no isolated particle-only arm and no complete arm-level numeric table,No supplementary material was identified in the supplied main article,Available on request only,EXCLUDE - no isolated particle-only arm; whole leachate contains co-contaminants,Manually verified,"Exposure and replication are clear, but PP/PET fibres were delivered as whole mask leachates containing metals and likely additives. Effects cannot be assigned to particles alone and are retained only as secondary mixture evidence.",YES,YES,YES,YES,YES,YES,YES,NO,,,,,,,"Experiment and endpoint reporting are reasonably clear, but the treatment is whole mask leachate containing PMFs plus metals/additives. High extractability does not overcome the absence of a particle-only contrast.",2024,Fish,Freshwater,Waterborne,Mixed polymers,Microplastic,Embryo or larva,Single-generation,Fully reusable for conventional effect size,2024,Fish,Waterborne,Mixed polymers,Microplastic
B1-012,10.1016/j.aquatox.2024.107023,https://doi.org/10.1016/j.aquatox.2024.107023,Female zebrafish (Danio rerio) exposure to polystyrene nanoplastics induces reproductive toxicity in mother and their offspring,Zhang C; Li L; Alava JJ; Yan Z; Chen P; Gul Y; Wang L; Xiong D,2024,2024,Aquatic Toxicology,0012_2024_Female_zebrafish_(_Danio_rerio)_)_exposure_to_polystyrene_nanoplastics_induces_reproductive_toxicity_in_m_j.aquatox.2024.107023.pdf(1).pdf,Danio rerio,Fish,"F0 adult females directly exposed; F1 embryo, larva, juvenile and adult offspring reared without direct waterborne exposure",F0 adult females were direct test organisms; unexposed males were used for breeding; F1 followed to sexual maturity,Maternal F0 exposure with F1 intergenerational follow-up,Freshwater semi-static laboratory system,Polystyrene,Fluorescent nanoplastic,100 nm,"Regular spheres, 112.29 ± 9.07 nm by TEM; zeta potential −25.38 mV in ultrapure water",Regular spherical particles,Commercial pristine green-fluorescent PS-NPs; sonicated before use,Green fluorophore embedded in polymer matrix,Waterborne F0 exposure; F1 indirect maternal transfer only,F0 females in 20 L tanks; one-third solution renewed every 48 h; F1 raised in clear water,F0 females after two-week acclimation,F0 42 d; F1 followed from embryo to adult sexual maturity,0; 200; 2000,µg/L nominal,YES,,Unexposed-water F0 control; corresponding maternal-line F1 control; unexposed males used in breeding,20 L exposure tank for F0; maternal exposure replicate retained as lineage-level unit for F1,3 tanks per treatment,15 F0 females per tank; endpoint-specific pools or subsamples; five F1 larvae pooled per replicate for 30-dpf gene expression,"Authors described doses as environmentally realistic, but actual water concentrations were not analytically measured and 2000 µg/L is high relative to reported environmental levels",Tissue accumulation; sex hormones; HPG-axis gene expression; ovarian histology; apoptosis genes; sex-differentiation genes,"F0 egg production; F1 fertilization, hatching, heart rate, mortality, sex ratio and reproductive development",YES across maternal exposure lineages; F1 outcomes are intergenerational and not direct waterborne exposure,Exact mean ± SD tables for tissue accumulation and F0/F1 hormones; apical reproductive and developmental outcomes remain figure-only,Online supplementary material exists but was not supplied in this batch,Available on request only,INCLUDE,Manually verified,"Tank replication and major pooling schemes are reported. Exact endocrine biomarker data are available, but matched apical means remain figure-only and F1 endpoint-specific independent n is incompletely stated.",YES,YES,YES,YES,YES,UC,YES,NO,,,,,,,F0 tank replication and endocrine n are clear. F1 apical outcome means are figure-only and endpoint-specific offspring sample sizes are incompletely reported; supplementary material remains pending.,2024,Fish,Freshwater,Waterborne,PS,Nanoplastic,Multiple stages or life cycle,Inter- or multigenerational,Partially reusable,2024,Fish,Waterborne,PS,Nanoplastic
B1-013,10.1016/j.jhazmat.2024.136219,https://doi.org/10.1016/j.jhazmat.2024.136219,Environmental microplastics compromise reproduction of the marine invertebrate Mytilus galloprovincialis: A holistic approach,Romdhani I; Venditti M; Gallo A; Abelouah MR; Gaaied S; Boni R; Ait Alla A; Minucci S; Banni M,2024,2024,Journal of Hazardous Materials,0013_2024_Environmental_microplastics_compromise_reproduction_of_the_marine_invertebrate_Mytilus_galloprovincialis_j.jhazmat.2024.136219.pdf.pdf,Mytilus galloprovincialis,Mollusc,Male and female gametes exposed for 1 h; resulting embryos and 48 h D-larvae evaluated,Mature mussels were gamete donors; adults were not themselves experimental exposure units,Parental-gamete exposure followed by controlled cross-fertilization and 48 h offspring assessment,Marine filtered-seawater laboratory system,"Mixed environmental polymers: PE, PET, PP, LDPE and HDPE, with PE and PET predominant","Field-collected, weathered, mixed-polymer environmental particles ground and sieved below 100 µm","<100 µm exposure powder; Raman-resolved fractions >3 µm, 3-1.22 µm and 1.22-0.45 µm","100 µg powder contained 4352.28 ± 13.52 particles; 3.52% >3 µm, 38.17% 3-1.22 µm and 58.31% 1.22-0.45 µm","Mixed fragments, films and fibres ground into heterogeneous powder","Environmentally aged/weathered; cracked, pitted, rough, flaking surfaces with surface-associated elements",,Waterborne gamete exposure before fertilization,Split-donor gametes in 250 mL beakers with continuous shaking for 1 h; controlled crosses; D-larvae reared 48 h in filtered seawater,Immediately after gamete harvesting and quality screening,1 h gamete exposure plus 48 h embryo-larval development,"0; 50; 100, applied separately to female or male gametes and jointly at 100",µg/L EMP,NO,Mixed polymers and inseparable environmental surface-associated elements/adsorbates; no cleaned-particle or contaminant-matched control,Control female × control male plus sex-specific and joint exposed-gamete crosses,Biological donor/sample structure based on three males and three females split across treatments; larvae nested within donor-derived samples,3 donor-derived samples per group for main outcome figures,Approximately 300 ± 20 zygotes per well for embryotoxicity; 100 larvae per TUNEL sample; larger pooled larval batches for molecular assays,"Field-collected particles and 50-100 µg/L exposures increase environmental realism, but mixed polymers and adsorbed/environmental constituents prevent particle-only attribution","Internal particle burden; DNA fragmentation; apoptosis proteins; apoptosis, DNA-repair and shell-growth gene expression",Fertilization success; total and type-specific larval malformation; developmental arrest; mantle and shell quality,"YES within each cross-derived D-larval group, but the exposure is an environmental particle-contaminant mixture","Exact text-reported mean ± SD values are available for larval particle burden, selected malformation and TUNEL outcomes, and selected qPCR results; many other outcomes remain figure-only",Online supporting information exists but was not supplied in Batch 007,Available on request only,EXCLUDE - no isolated particle-only arm; environmental mixed polymers carry inseparable surface-associated constituents,Manually verified,"Split-donor cross design and n=3 samples are usable for evidence mapping, but donor pairing and environmental co-contaminants must be retained. The study is secondary environmental-mixture evidence, not primary particle-only evidence.",YES,YES,YES,YES,YES,YES,YES,NO,,,,,,,"Strong within-study linkage and n=3 reporting, but the exposure is a weathered mixed-polymer environmental sample with inseparable surface-associated constituents; excluded from primary particle-only inference.",2024,Mollusc,Marine,Waterborne,Mixed polymers,Other or unclear,Embryo or larva,Inter- or multigenerational,Fully reusable for conventional effect size,2024,Mollusc,Waterborne,Mixed polymers,Other or unclear
B1-015,10.1016/j.scitotenv.2024.176485,https://doi.org/10.1016/j.scitotenv.2024.176485,Polystyrene microplastics alleviate the developmental toxicity of silver nanoparticles in embryo-larval zebrafish (Danio rerio) at the transcriptomic level,Xiao QH; Xiang H; Tian YN; Huang JL; Li MQ; Wang PQ; Lian K; Yu PX; Xu MY; Zhang RN; Zhang Y; Huang J; Zhang WC; Duan P,2024,2024,Science of the Total Environment,0015_2024_Polystyrene_microplastics_alleviate_the_developmental_toxicity_of_silver_nanoparticles_in_embryo-larval_z_j.scitotenv.2024.176485.pdf.pdf,Danio rerio,Fish,Embryo and larva from <4 hpf to 96 hpf,Adults were broodstock only and were not exposed,"Single-generation embryo-larval exposure with particle-only, silver-only and combined arms",Freshwater laboratory system using MilliQ exposure medium,Polystyrene,Submicron/nanoscale PS spheres reported by the authors as PS-MP,0.1 µm nominal,Approximately 80 nm in ultrapure water; zeta potential −33.12 ± 9.56 mV,Spherical,Commercial pristine PS spheres; suspensions prepared for waterborne exposure,,Waterborne embryo-larval exposure,50 embryos in 8 mL per six-well-plate well; three replicate wells per arm; daily solution renewal,<4 hpf,To 96 hpf,0; PS 1 mg/L; AgNP 0.5 mg/L; AgNP 0.5 mg/L + PS 1 mg/L; AgNO3 0.05 mg/L; AgNO3 0.05 mg/L + PS 1 mg/L,mg/L nominal,YES,AgNPs or Ag+ in secondary co-exposure arms; particle-only PS arm is separately available,"MilliQ control with matched PS-only, silver-only and combined-exposure arms",Six-well-plate well,3 replicate wells per arm for the main exposure,50 embryos per well; endpoint-specific subsamples include 15 larvae for locomotion or fluorescence and pooled larval mass for omics,"PS 1 mg/L was described as environmentally relevant by the authors, but it is high and the nominal 0.1 µm particle is nanoscale under common definitions","ROS; apoptosis/AO fluorescence; transcriptomic cell-cycle, oxidative-stress, apoptosis, ferroptosis and lipid-metabolism responses; lipidomics; qRT-PCR validation","Mortality; hatching; malformation; body length; yolk-sac, eye and pericardial areas; heart rate; locomotor distance and speed",YES for phenotype and fluorescence endpoints across the same six-arm experiment; RNA-seq and lipidomics omitted the PS-only arm,Apical and fluorescence outcomes are mean ± SEM in figures without exact printed arm values; exact omics summary counts are reported in text; no variance-complete PS-only comparison was added,Online supplementary data exist but were not supplied in Batch 007,Available on request only,INCLUDE,Manually verified,"A matched particle-only PS arm exists. However, exact PS-only outcome means are figure-only, endpoint-specific independent n is incompletely stated, and sequencing/lipidomics compare only control, AgNP and AgNP+PS groups.",YES,YES,YES,YES,YES,UC,YES,NO,,,,,,,"The base exposure unit is three wells per arm, but endpoint-specific independent n is missing or ambiguous for several figure-only outcomes. Omics excludes the PS-only arm and raw data are request-only.",2024,Fish,Freshwater,Waterborne,PS,Nanoplastic,Embryo or larva,Single-generation,Partially reusable,2024,Fish,Waterborne,PS,Nanoplastic
B1-016,10.1016/j.chemosphere.2022.137440,https://doi.org/10.1016/j.chemosphere.2022.137440,Reproductive toxicity and cross-generational effect of polyethylene microplastics in Paramisgurnus dabryanus,Xia X; Guo W; Ma X; Liang N; Duan X; Zhang P; Zhang Y; Chang Z; Zhang X,2023,2022,Chemosphere,0016_2023_Reproductive_toxicity_and_cross-generational_effect_of_polyethylene_microplastics_in_Paramisgurnus_dabrya_j.chemosphere.2022.137440.pdf.pdf,Paramisgurnus dabryanus,Fish,Sexually mature F0 adults; F1 embryo and larva to 96 hpf,Adults were directly exposed experimental animals,Cross-generational design with direct F0 waterborne exposure and F1 reared in particle-free water,Freshwater laboratory aquaria,Polyethylene,Microplastic,8-15 µm,Mean diameter 8-15 µm,Irregular powder with rough surface,Commercial white PE powder; non-fluorescent and Nile-red fluorescent preparations,Nile-red fluorescent PE used for gonadal and F1 tracing; non-fluorescent PE used for most toxicity assays,Waterborne,"20 L aquaria, three concentration groups with three parallel tanks; half of the exposure solution renewed daily",Sexually mature adult,15 or 30 d,"0, 1 and 10 mg/L",mg/L nominal,YES,,Particle-free control within each duration and cohort; fluorescent and non-fluorescent cohorts were run separately,Aquarium/tank,Three parallel tanks per concentration,30 fish per tank; sex composition differed between fluorescent and non-fluorescent cohorts; endpoint subsamples were taken from tanks,"Authors described 1 and 10 mg/L as environmentally relevant, although both are high relative to many field measurements",Oxidative stress; antioxidant enzymes; gonadal histopathology; apoptosis; immune signaling; HPG-axis and steroidogenesis gene expression; sex hormones; gonadal particle localization,"GSI; semen concentration; sperm density; sperm lifespan; fertility; F1 mortality, hatching, malformation, body length and developmental timing","YES at the study level, but fluorescent and non-fluorescent cohorts and 15/30 d strata must remain separate","Table 1 provides exact mean ± SD semen outcomes. Most biomarker and F1 developmental outcomes are figure-only. Reported n=3 fish for Table 1 is not explicitly mapped to the three independent tanks, so no new primary comparison was calculated.",Online supplementary data exist but were not supplied in Batch 008,Authors state that they do not have permission to share data,INCLUDE,Manually verified,Strong mechanistic-to-apical and cross-generational design. Main limitation is uncertainty about whether reported individual-level n values represent independent tank replicates.,YES,YES,YES,YES,YES,UC,YES,NO,,,,,,,"Tank-level exposure is clear and exact Table 1 mean ± SD values are available, but the reported n=3 male fish cannot be mapped confidently to the three independent tanks. Supplement and raw data are unavailable.",2022,Fish,Freshwater,Waterborne,PE family,Microplastic,Multiple stages or life cycle,Inter- or multigenerational,Partially reusable,2022,Fish,Waterborne,PE family,Microplastic
B1-017,10.1021/acsnano.2c01872,https://doi.org/10.1021/acsnano.2c01872,Polystyrene Nanoplastics Toxicity to Zebrafish: Dysregulation of the Brain-Intestine-Microbiota Axis,Teng M; Zhao X; Wang C; Wang C; White JC; Zhao W; Zhou L; Duan M; Wu F,2022,2022,ACS Nano,0017_2022_Polystyrene_Nanoplastics_Toxicity_to_Zebrafish_Dysregulation_of_the_Brain_-Intestine-Microbiota_Axis_acsnano.2c01872.pdf.pdf,Danio rerio,Fish,Juvenile F0 exposed from approximately 6 weeks of age; mature F0 used for spawning; F1 embryo and larva to 120 hpf,F0 fish were directly exposed and later used as parents,Cross-generational design with 30 d F0 mechanistic assessment and 60 d parental exposure before F1 spawning,Freshwater laboratory glass-tank system,Polystyrene,Nanoplastic,44 nm unlabeled; 42 nm fluorescent,44 nm unlabeled and 42 nm fluorescent; zeta potential approximately -0.0175 mV,"Spherical, monodispersed commercial particles",Commercial pristine nonfunctionalized PS-NP; SDS used for suspension stability,Blue fluorescent 42 nm PS-NP used for offspring localization,Waterborne,"20 L glass tanks; 0, 1, 10 and 100 µg/L; exposure solution replaced every 2 d",One-month-old fish after 2 weeks acclimation,30 d for F0 mechanisms; 60 d before F1 spawning,"0, 1, 10 and 100 µg/L",µg/L nominal,YES,SDS and NaN3 were present at less than 0.001 per mille; authors report no significant difference between blank and solvent controls,A control designated CK was used in figures; blank and solvent controls were reported not to differ,"Tank, but number of replicate tanks per concentration was not reported","Endpoint-specific n=3 for histology, enzymes and qPCR; n=5 pooled biological replicates for microbiome and metabolomics; F1 triplicate groups",F0 fish numbers per tank were not reported. Microbiome and metabolomics used 30 tissues divided into five pooled portions. F1 used 10 embryos per group in triplicate,1 and 10 µg/L lie within the environmental range cited by the authors; 100 µg/L is above that cited range,Intestinal histopathology and permeability; inflammatory genes; AChE and lysozyme; gut microbiome; targeted neurotransmitter metabolomics; microbiome-metabolite network,"Adult length and weight; F1 spontaneous movement, heartbeat, hatching, body length and malformation","PARTIAL. F0 mechanisms were assessed after 30 d, whereas F1 spawning followed 60 d parental exposure","No exact main-text arm means and SDs were printed. Exact text-reported percentages, fold changes, counts and correlation coefficients were extracted separately; no variance-complete primary comparison was added.",Free Supporting Information exists but was not supplied in Batch 008,No explicit public raw-data repository or data-availability statement was identified in the main article,INCLUDE,Manually verified,"Particle-only study with broad multi-omics and F1 outcomes. Tank replication, F0 fish numbers and lineage-level F1 independence are incompletely reported, and 30 d mechanistic outcomes are not temporally identical to the 60 d parental exposure used for F1.",UC,YES,UC,YES,YES,UC,NO,NO,,,,,,,F0 mechanism outcomes were measured after 30 d whereas F1 spawning followed 60 d parental exposure. Number of replicate tanks and F0 fish per tank are not reported; most exact concentrations are in an unsupplied supplement.,2022,Fish,Freshwater,Waterborne,PS,Nanoplastic,Multiple stages or life cycle,Inter- or multigenerational,Partially reusable,2022,Fish,Waterborne,PS,Nanoplastic
B1-018,10.1016/j.scitotenv.2022.156820,https://doi.org/10.1016/j.scitotenv.2022.156820,Polystyrene microplastics induced male reproductive toxicity and transgenerational effects in freshwater prawn,Sun S; Jin Y; Luo P; Shi X,2022,2022,Science of the Total Environment,0018_2022_Polystyrene_microplastics_induced_male_reproductive_toxicity_and_transgenerational_effects_in_freshwater_j.scitotenv.2022.156820.pdf.pdf,Macrobrachium nipponense,Crustacean,Acute 7 dph larvae; chronic adult F0 males; F1 embryo and larva to 7 dpf,Adult F0 males were directly exposed and used for paternal-effect assessment,Acute larval dose-finding plus chronic paternal F0 exposure; F1 offspring were evaluated without further exposure and with matched continued exposure,Freshwater laboratory aquaria and beakers,Polystyrene,Microplastic,5 µm,"Nominal 5 µm; size verification is referenced to microscopy and FTIR, with Fig. S1 not supplied",Not explicitly described in the main text; commercial red fluorescent particles shown in missing Fig. S1,Commercial fluorescent pristine particle,Red fluorescent PS-MP,Waterborne,Acute 96 h beaker exposures; chronic 4-week aquarium exposure with solution replacement every 2 d; F1 direct exposure from 2 to 7 dpf in selected arms,7 dph larvae for acute tests; adult male for chronic test; 2 dpf for direct F1 exposure,"96 h acute; 1, 2 and 4 weeks chronic; F1 to 7 dpf","Acute survival 0-1280 mg/L; acute heart-rate series differs between Methods and Fig. 1; chronic and F1 0, 2 and 20 mg/L",mg/L nominal,YES,,Dechlorinated-water particle-free controls; separate control bars were plotted for the F1 no-further-exposure and continued-exposure series,Beaker for acute tests; aquarium for chronic F0; separate breeding event for F1,Chronic F0 four replicate aquaria per treatment; F1 caption reports four replicates and Methods state a replicate was a separate breeding event; several testis assays report three replicates,Thirty adult males per chronic replicate aquarium; acute heart-rate test used ten larvae; F1 used 150 larvae per beaker series and pooled larvae for assays,Chronic 2 and 20 mg/L were explicitly acknowledged as higher than the environmentally realistic concentration of approximately 20 µg/L,"Testicular oxidative stress and antioxidant defence; endocrine physiology; histopathology; sperm ROS and apoptosis; steroidogenesis, antioxidant, immune and apoptosis gene expression; F1 innate immunity; tissue particle accumulation","Acute larval survival and heart rate; F0 body weight, GSI and testicular development; sperm quality; F1 malformation, hatching and survival","YES for the chronic paternal-exposure pathway, provided F1 no-further-exposure arms are kept separate from continued F1 exposure",The main article reports mean ± SE figures but no exact arm means. One exact LC50 with 95% CI is available. Figure captions contain dose and polymer-label inconsistencies. No new primary comparison was calculated.,Supplementary Figs. S1-S5 and Tables S1-S3 are cited but were not supplied in Batch 009,No explicit public raw-data repository or data-availability statement was identified in the main article,INCLUDE,Manually verified,"Strong paternal biomarker-to-F1 design with four chronic treatment replicates, but some endpoint-specific replication conflicts with the aquarium design and several figure labels are internally inconsistent.",YES,YES,YES,YES,YES,UC,YES,NO,,,,,,,"The chronic F0-to-F1 no-further-exposure stratum directly links paternal biomarkers with offspring apical outcomes. Means and SE are reported and F0/F1 units are described, but testis-assay three-replicate captions conflict with the four-aquarium design and exact arm values are figure-only.",2022,Crustacean,Freshwater,Waterborne,PS,Microplastic,Multiple stages or life cycle,Inter- or multigenerational,Partially reusable,2022,Crustacean,Waterborne,PS,Microplastic
B1-019,10.1016/j.scitotenv.2022.156391,https://doi.org/10.1016/j.scitotenv.2022.156391,Nano-sized polystyrene plastic particles affect many cancer-related biological processes even in the next generations; zebrafish modeling,Sulukan E; Senol O; Baran A; Kankaynar M; Yildirim S; Kiziltan T; Bolat I; Ceyhun SB,2022,2022,Science of the Total Environment,0019_2022_Nano-sized_polystyrene_plastic_particles_affect_many_cancer-related_biological_processes_even_in_the_next_j.scitotenv.2022.156391.pdf.pdf,Danio rerio,Fish,F0 embryos injected at 4 hpf and grown to 6 months; F1 embryo and larva to 120 hpf,F0 parents were exposed only during the embryonic stage,"Cross-generational design in which F0 embryos received a single yolk-sac PNP injection, matured for six months without further exposure, and produced unexposed F1 offspring",Freshwater zebrafish system,Polystyrene,Nanoplastic,20 nm,"20 ± 3.2 nm by TEM and 18.43 ± 0.28 nm by Zetasizer, reported from the linked prior study",Approximately spherical particles visible by TEM,Commercial fluorescent pristine particle,Red fluorescent PNP,Yolk-sac microinjection,Approximately 3 nL of PNP stock injected into 4 hpf embryos once; F0 then reared without further plastic exposure for six months; F1 were never directly exposed,4 hpf F0 embryo,Single injection followed by six-month maturation; F1 assessed to 120 hpf,One PNP injection treatment versus ultrapure-water injection control; stock concentration and delivered mass are not stated in the main article,Injection volume reported; particle mass dose not reconstructable,YES,,Ultrapure-water yolk-sac injection control; an unmanipulated control is not described as the primary comparator,F0 experimental replicate of 100 injected embryos; F1 parental/breeding replicate for offspring production; endpoint-specific larval pools,Three F0 injection replicates; three independent experiments for many F1 endpoints; ten pooled metabolomics samples per group,One hundred F0 embryos per injection replicate; 10 females and 20 males selected per parental group; at least 700 F1 embryos per replication; endpoint-specific subsamples of 10-25 larvae,Artificial yolk-sac injection with incompletely reported particle dose has low environmental realism and does not represent natural waterborne or dietary exposure,"F1 ROS; apoptosis; lipid accumulation; untargeted metabolomics; neuronal and vascular histopathology; JNK, H2A.X, NOP10 and PI3 immunofluorescence","F0 survival to maturity; F1 malformation, mortality, hatching, pericardial area, eye size, body length, heart rate, blood flow and locomotor activity","YES. Mechanistic and apical endpoints were measured in F1 offspring from the same parental treatment groups, generally at 120 hpf, although different subsamples were used","Eight exact mean ± SD immunofluorescence values are printed within Fig. 6. Other apical and biomarker arm means are figure-only. Independent n for the Fig. 6 table is not clearly mapped to parental replicates, so no primary comparison was calculated.",No supplementary file is identified in the main article,No explicit public raw-data repository or data-availability statement was identified,INCLUDE,Manually verified,"The study provides unusually strong within-F1 mechanistic and apical alignment, but the administered PNP mass is not reconstructable and cancer-related markers cannot be interpreted as a cancer diagnosis.",YES,YES,YES,YES,YES,UC,YES,NO,,,,,,,"F1 biomarkers and apical outcomes are strongly aligned by parental treatment and time. Three independent experiments are reported for several endpoints, but the independent n underlying the exact Fig. 6 table is not explicitly mapped to parental breeding replicates; the administered particle mass is also not reconstructable.",2022,Fish,Freshwater,Injection,PS,Nanoplastic,Multiple stages or life cycle,Inter- or multigenerational,Partially reusable,2022,Fish,Injection,PS,Nanoplastic
B1-020A,10.1007/s10452-021-09885-y,https://doi.org/10.1007/s10452-021-09885-y,"Influence of polystyrene microplastics on rotifer (Brachionus calyciflorus) growth, reproduction, and antioxidant responses",Liang Y; Yang X; Wang Y; Liu R; Gu H; Mao L,2021,2021,Aquatic Ecology,0020_2021_Liang_Influence_of_polystyrene_microplastics_on_rotifer_(Brachionus_calyciflorus)_s10452-021-09885-y.pdf,Brachionus calyciflorus,Rotifer,Female neonates younger than 2 h; population and individual life-history assays,Not applicable; founder female neonates were followed through reproduction and death,"Single-generation study with separate population growth, individual reproduction, pooled biochemical, and pooled qPCR assays under matched concentrations",Freshwater EPA medium laboratory system,Polystyrene,Microplastic,1 µm,No independent size distribution reported in the main article,Commercial virgin beads; exact sphericity not explicitly stated in the main article,Virgin,No,Waterborne with ingestion during feeding,Semi-static; daily renewal; endpoint-specific exposure durations,Female neonates <2 h old,24 h for biomarkers and qPCR; 2 d for specific growth; up to maternal death with reproduction followed for approximately 1 week,"0, 1×10^4, 1×10^5, 1×10^6, 1×10^7",particles/mL,YES,,Particle-free EPA medium with the same Chlorella feeding and renewal schedule,Growth beaker; individual female well for reproduction; 500-rotifer pooled tube for biomarker and gene-expression assays,20 for growth and reproduction; 3 pooled biological replicates for biomarkers and qPCR,50 neonates per growth beaker; 1 female per reproduction well; 500 rotifers per biomarker or qPCR pool,Concentrations were described as spanning environmentally relevant to extreme field levels; highest dose is exceptionally high,"ROS; SOD, CAT and PHGPx activities; MnSOD, CuZnSOD, CAT and PHGPx expression",Specific growth rate; reproductive rate,Matched particle concentrations across separate assays; not the same individuals and not the same timepoint,Figure-only means ± SE plus exact text-reported percent ranges and exact Pearson correlation matrix,No supplementary material identified in the main article,No public raw-data statement or repository identified,INCLUDE - strict particle-only,COMPLETE - BATCH 010,"Independent units are clear for each assay, but biomarker and apical endpoints were measured in separate cohorts at different times; no figure values were visually estimated.",YES,YES,YES,YES,YES,YES,YES,NO,,,,,,,"Growth, reproduction and biomarker assays use matched dose series with clear assay-specific independent units. They are separate cohorts and timepoints, but the temporal order is compatible. No public raw data or exact arm means were identified.",2021,Rotifer,Freshwater,Mixed waterborne–dietary,PS,Microplastic,Embryo or larva,Single-generation,Fully reusable for conventional effect size,2021,Rotifer,Mixed waterborne–dietary,PS,Microplastic
B1-020B,10.1002/etc.5456,https://doi.org/10.1002/etc.5456,Developmental Polyethylene Microplastic Fiber Exposure Entails Subtle Reproductive Impacts in Juvenile Japanese Medaka (Oryzias latipes),DiBona E; Haley C; Geist S; Seemann F,2022,2022,Environmental Toxicology and Chemistry,0020_2022_Developmental_Polyethylene_Microplastic_Fiber_Exposure_Entails_Subtle_Reproductive_Impacts_in_Juvenile_Ja_etc.5456.pdf.pdf,Oryzias latipes,Fish,Juveniles exposed during gonadal development from approximately 30 to 51 dph; adults and F1 eggs assessed after depuration,Juvenile-exposed fish matured for 40 d without exposure and were then paired for adult reproductive assessment,"Developmental F0 dietary exposure followed by 40-d depuration, adult gonad assessment, breeding, and F1 egg-hatching assessment",Laboratory Japanese medaka tank system,Polyethylene; low-density polyethylene-like,Microplastic,400 µm length,Fibers were manually cut to 400 µm; width and size distribution were not reported,Blue multifilament fiber,Virgin manufacturer-sourced material; additives and leachate were not characterized,No,Dietary,"0.1 g ground feed containing fibers once daily for 21 d, followed by 40 d depuration",Approximately 30 dph,21 d exposure plus 40 d depuration before reproductive maturity,"0, 0.5, 1.5, 3, 6",fibers/fish/day,YES - with uncharacterized manufacturer additives,,Matched ground feed without polyethylene fibers,Exposure-tank replication is unclear; breeding tank is the reproductive-output unit and individual fish are used for histology/qPCR,"n=5 is reported for endpoints, but whether this represents exposure tanks, breeding tanks, or individuals varies by endpoint",50 fish per 2-L tank during exposure; 10 after exposure; 4 fish per breeding tank; 5 fish per concentration for histology/qPCR,Dose selection was based on reported field ingestion rates and common fiber morphology,Gonad histomorphology; male and female reproductive-gene expression,Fecundity; fertility; egg viability; offspring hatching timing and success,Matched developmental exposure history links adult gonad measures to reproductive output and F1 hatching; individuals were not linked,Figures report means ± SD; exact text-reported hatching delays and HSD11β2 log-fold changes; public digital data repository available,Online Supporting Information exists but was not included in this upload,Public data reported at https://github.com/edibona1/PE_reproductive_impacts_medaka,INCLUDE - strict particle-only with additive/leachate caveat,COMPLETE - BATCH 010,The phrase n=5 is endpoint-specific and does not establish five independent exposure tanks per concentration; primary effect-size extraction requires the public data and design metadata.,YES,YES,YES,YES,YES,UC,UC,YES,,,,,,,"Means and SD are reported and public digital data are available. However, n=5 is endpoint-specific and the main article does not establish the number of independent exposure tanks per concentration, so independent n and the primary experimental unit remain unclear.",2022,Fish,Other or unclear,Dietary,PE family,Microplastic,Multiple stages or life cycle,Inter- or multigenerational,Partially reusable,2022,Fish,Dietary,PE family,Microplastic
B1-021,10.1016/j.jhazmat.2021.125537,https://doi.org/10.1016/j.jhazmat.2021.125537,Adaptation of life-history traits and trade-offs in marine medaka (Oryzias melastigma) after whole life-cycle exposure to polystyrene microplastics,Wang J; Zheng M; Lu L; Li X; Zhang Z; Ru S,2021,2021,Journal of Hazardous Materials,0021_2021_Adaptation_of_life-history_traits_and_trade-offs_in_marine_medaka_(Oryzias_melastigma)_after_whole_life-c_j.jhazmat.2021.125537.pdf.pdf,Oryzias melastigma,Fish,Embryo-larva early-life cohort; F0 from 1 dph to adult; F1 embryo and larva in clean seawater,F0 fish were continuously exposed to 150 d and used for reproduction and parental-effect assessment,Separate early-life and whole-life F0 exposure cohorts plus F1 offspring produced after 150 d parental exposure and reared without particles,Marine laboratory system with filtered natural seawater,Polystyrene,Microplastic,2 µm,Composition and size confirmed by FTIR and SEM in Supplementary Fig. S1,Monodisperse microsphere,Virgin,Separate fluorescent tracking particles and non-fluorescent particles for biological effects,Waterborne,Semi-static; half the seawater renewed daily with stock replenishment; continuous whole-life exposure,Fertilized embryo or 1 dph larva depending on cohort,45 d early-life cohort; 150 d whole-life F0; F1 followed for 20 d in clean seawater,"0, 2, 20, 200",µg/L,YES,,Prefiltered natural seawater without PS microspheres,Initial 5-L exposure beaker with three replicates per concentration; preservation of replicate structure after transfer to 50-L aquaria is not explicit; triplicate breeding aquaria for F1,"Three initial exposure replicates; endpoint-specific n=6, 10, 12, 15 or 20; RNA-seq n=3",Initially 200 larvae per treatment; adults and pooled samples varied by endpoint; 100 F1 embryos per parental treatment,"Nominal concentrations were described as environmentally relevant, including heavily contaminated sites",Oxidative stress; sex hormones; reproductive-axis transcription; GH/IGF signaling; gonad histopathology; testis transcriptomics,Hatching; heart rate; growth; sexual maturity; GSI; fecundity; fertilization; F1 hatching timing and growth,"Strong treatment-level linkage across F0 mechanism, reproduction and F1 outcomes, but not individual-level and with some replicate-transfer uncertainty",Most arm means ± SEM are figure-only; exact text-reported relative effects and exact transcriptomic counts are available,Online Supporting Information exists but was not included in this upload,RNA-seq data public under NCBI BioProject PRJNA553586; phenotypic raw data not identified,INCLUDE - strict particle-only,COMPLETE - BATCH 010,"Initial beaker replication is clear, but adult transfer to 50-L aquaria does not explicitly document retention of independent replicate units; public data cover transcriptomics only.",YES,YES,YES,YES,YES,UC,UC,NO,,,,,,,"The study strongly links F0 biomarkers, reproduction and F1 outcomes. Initial three-beaker replication is reported, but replicate preservation after transfer to 50-L aquaria is unclear. RNA-seq is public, but complete phenotypic raw data are not identified.",2021,Fish,Marine,Waterborne,PS,Microplastic,Multiple stages or life cycle,Inter- or multigenerational,Partially reusable,2021,Fish,Waterborne,PS,Microplastic
B1-022,10.1016/j.jhazmat.2020.123739,https://doi.org/10.1016/j.jhazmat.2020.123739,Alleviation of tributyltin-induced toxicity by diet and microplastics in the marine rotifer Brachionus koreanus,Yoon DS; Lee Y; Park JC; Lee MC; Lee JS,2021,2020,Journal of Hazardous Materials,0022_2021_Alleviation_of_tributyltin-induced_toxicity_by_diet_and_microplastics_in_the_marine_rotifer_Brachionus_ko_j.jhazmat.2020.123739.pdf.pdf,Brachionus koreanus,Rotifer,F0 neonates younger than 2 h followed through life history; first-hatched F1 offspring assessed without direct chemical exposure,Not applicable; founder neonates were followed through reproduction and lifespan,Acute TBT dose-response under three diet levels and three MP levels; chronic F0 TBT plus MP exposure; maternal carryover assessment in unexposed F1,Marine laboratory system using 15 PSU artificial seawater,Polystyrene,"Nanoplastic by size, described as microplastic by the authors",0.05 um,No independent size distribution reported in the main article,Commercial latex bead,Commercial pristine amine-modified particle,Fluorescent blue,Waterborne with algal diet present,Acute 24 h dose-response; chronic daily renewal for F0 life-cycle assays; 24 h maternal exposure before F1 follow-up,Neonates younger than 2 h,24 h acute and biomarker assays; F0 followed through lifespan; F1 followed through lifespan without direct TBT or MP exposure,"MP 0, 1, 10 ug/L; TBT 0-50 ug/L acute or 10 ug/L chronic; diet 0.5x, 1x, 10x",ug/L MP and TBT; algal cells/mL for diet,"PARTIAL - acute TBT=0 observations exist, but chronic biomarker and life-history assays lack an MP-only arm",Tributyltin and diet concentration,Diet-matched TBT=0 and MP=0 controls; chronic comparisons are control versus TBT or TBT+MP,Acute culture well; individual one-rotifer well for life-cycle assays; pooled approximately 6000-rotifer sample for oxidative stress,Acute tests biological triplicate; life-cycle groups report n=12 and biological triplicate; oxidative-stress assays biological triplicate,10 neonates per acute well; 1 neonate per life-cycle well; approximately 6000 rotifers per oxidative-stress pool,"TBT concentrations were related to environmental observations; MP levels were selected below a previously adverse range, but the multifactor design is primarily mechanistic",ROS; SOD and CAT activities; internal butyltin concentrations,Acute mortality; daily and total reproduction; lifespan; pre-reproductive and reproductive duration; F1 carryover life history,Biomarker and apical endpoints share the TBT-MP-diet treatment matrix but are measured in separate cohorts; no particle-only mechanistic-apical pair,Exact Table 1 TBT NOEC/LC10/LC50 values and numerous exact text-reported mean +/- SD life-history and ROS values; figures contain additional means,Online supplementary material exists but was not supplied in Batch 011,No public raw-data repository identified in the main article,EXCLUDE - no particle-only biomarker-apical contrast; MP is evaluated mainly as a modifier of TBT toxicity and diet,COMPLETE - BATCH 011,"The study is informative mixture evidence, but chronic reproduction, oxidative stress and F1 outcomes all include TBT. Acute MP-only zero-TBT points do not provide a matched biomarker-apical particle-only inference.",YES,YES,YES,YES,YES,YES,YES,NO,,,,,,,"The multifactor design, n and exact text/table values are well reported, but chronic biomarkers and apical outcomes are TBT-diet or TBT-MP-diet mixtures. High extractability does not create a particle-only mechanistic-apical contrast.",2020,Rotifer,Marine,Mixed waterborne–dietary,PS,Nanoplastic,Multiple stages or life cycle,Inter- or multigenerational,Fully reusable for conventional effect size,2020,Rotifer,Mixed waterborne–dietary,PS,Nanoplastic
B1-023,10.1016/j.aquatox.2019.105354,https://doi.org/10.1016/j.aquatox.2019.105354,Dynamics of interaction and effects of microplastics on planarian tissue regeneration and cellular homeostasis,Gambino G; Falleni A; Nigro M; Salvetti A; Cecchettini A; Ippolito C; Guidi P; Rossi L,2020,2019,Aquatic Toxicology,0023_2020_Dynamics_of_interaction_and_effects_of_microplastics_on_planarian_tissue_regeneration_and_cellular_homeos_j.aquatox.2019.105354.pdf.pdf,Dugesia japonica,Platyhelminth,Asexual non-regenerating planarians 5-8 mm long; amputated head and tail fragments assessed after chronic exposure,Asexual intact planarians were the directly exposed organisms and were subsequently amputated for regeneration assays,Single-generation dietary exposure with single-feed uptake/persistence assays and one-month chronic exposure followed by regeneration and tissue-homeostasis assays,Freshwater laboratory system in artificial water at 18 C,Polyethylene spheres and polyethylene terephthalate fibers,Microplastic,PE spheres 1-10 or 10-27 um; PET fibers 14 um wide with short and long length classes,Short fibers mean length 6 um; long fibers mean length 30 um with pieces longer than 100 um; sphere ranges checked microscopically,Spheres and fibers,Commercial pristine particles; no environmental aging,No; particles visualized by polarized light and microscopy,Dietary in chicken-liver paste,Single feeding for uptake/persistence; weekly feeding for one month for chronic assays,After two-week starvation of intact planarians,Single feeding followed up to 7 d; chronic weekly exposure for 1 month; regeneration assessed 4 d after transection,12 or 60 ug plastic per 1000 ug liver paste,ug plastic per 1000 ug liver paste,YES,,Chicken-liver paste without particles; particle-stock supernatant was discarded before mixing,Individual planarian for morphometry and imaging; pool of 5 planarians for qPCR; exposure-dish replication is not reported clearly,"Endpoint-specific: 30 animals for morphometry in methods, 10-15 fragments per plotted group, at least 3 animals for TUNEL, 3 pools for qPCR, at least 20 animals for in situ signal",Individual animals or pools of 5 planarians; chronic exposure dish composition not specified,Authors explicitly state that the high-dose design was not intended to mimic an environmentally plausible quantitative scenario,Particle uptake and persistence; enterocyte phagocytosis; apoptosis; gut epithelial thickness; lipid droplets and autophagic vacuoles; DjPiwiA and Djgata4/5/6 expression,Feeding; body size and growth; blastema size; regenerative performance,"One-month matched exposure groups link gut-homeostasis biomarkers with body and blastema size, although assays use separate animals","Main figures report means +/- SD; exact text includes persistence counts, duration limits and an approximately 50% Djgata4/5/6 level at high dose; no bar heights were estimated",Online supplementary material exists but was not supplied in Batch 011,No public raw-data statement or repository identified,INCLUDE - strict particle-only,COMPLETE - BATCH 011,"The design clearly isolates particles, but PE spheres and PET fibers confound polymer with shape and size. Chronic exposure-unit hierarchy is incompletely reported and doses are deliberately high.",YES,YES,YES,YES,YES,UC,UC,NO,,,,,,,"Matched particle-only groups and endpoint-level n are reported, but the number and allocation of chronic exposure dishes are unclear. Most numerical outcomes remain figure-only and no public raw data were identified.",2019,Platyhelminth,Freshwater,Dietary,Mixed polymers,Microplastic,Other or unclear,Single-generation,Partially reusable,2019,Platyhelminth,Dietary,Mixed polymers,Microplastic
B1-024,10.1016/j.envpol.2019.113024,https://doi.org/10.1016/j.envpol.2019.113024,"Polystyrene microplastics cause tissue damages, sex-specific reproductive disruption and transgenerational effects in marine medaka (Oryzias melastigma)",Wang J; Li Y; Lu L; Zheng M; Zhang X; Tian H; Wang W; Ru S,2019,2019,Environmental Pollution,0024_2019_Polystyrene_microplastics_cause_tissue_damages_sex-specific_reproductive_disruption_and_transgenerational_j.envpol.2019.113024.pdf.pdf,Oryzias melastigma,Fish,Three-month-old adult males and females exposed for 60 d; F1 embryos and larvae assessed in clean seawater,"Adults were directly exposed, sampled for tissue and endocrine endpoints, and paired for reproduction","Adult F0 exposure followed by sex-specific biomarker and histology assays, fecundity assessment, and F1 embryo-larval development without direct particle exposure",Marine laboratory system with charcoal-filtered natural seawater,Polystyrene,Microplastic,10 um,Stock particle size shown in Supplementary Fig. S1; no main-text size distribution,Microsphere,Commercial pristine particle,No,Waterborne,Semi-static with daily seawater replenishment and equal feeding,Three-month-old adults after two-week acclimation,60 d parental exposure; F1 followed to 18 dpf and 7 dph in clean seawater,"0, 2, 20, 200",ug/L,YES,,Natural seawater control without particles,"Exposure aquarium, three replicate tanks per concentration; fish and pooled blood are subsamples; F1 embryos are nested within parental treatment and breeding allocation","Three exposure tanks per group; endpoint n includes 8 fish for oxidative stress, three pooled blood replicates, and three F1 replicates",20 fish per exposure aquarium; sex-specific endpoint subsets; five males and five females paired per group; 120 F1 embryos divided among three replicates,Actual concentrations in the 2 and 20 ug/L groups were described as close to field observations; 200 ug/L was a higher scenario,"Internal particle burden; oxidative stress; gill, liver and gonad histopathology; plasma sex hormones; HPG-axis and steroidogenic transcription",HSI and GSI; fecundity; fertilization; F1 hatching rate and timing; embryo heart rate; F1 larval growth,"Strong treatment-level linkage between sex-specific F0 mechanisms, reproductive output and F1 development; individual and tank lineage mapping is incomplete","Exact Table 1 HSI/GSI means +/- SD, exact seawater and tissue-burden values, exact text-reported hormone and offspring effects; most other arm means are figure-only",Online supplementary data exist but were not supplied in Batch 011,No public raw-data repository identified in the main article,INCLUDE - strict particle-only,COMPLETE - BATCH 011,"Initial tank replication is clear, but many endpoint n values are fish or pooled-sample counts rather than independent tank counts. Fecundity and F1 lineage allocation require supplementary confirmation for quantitative synthesis.",YES,YES,YES,YES,YES,UC,UC,NO,,,,,,,"Three exposure tanks are reported, but Table 1, n=8 tissue assays, pooled blood and F1 cohorts are not mapped consistently back to independent tanks. Exact values are useful but not yet variance-complete for primary synthesis.",2019,Fish,Marine,Waterborne,PS,Microplastic,Multiple stages or life cycle,Inter- or multigenerational,Partially reusable,2019,Fish,Waterborne,PS,Microplastic
B1-025,10.1016/j.envpol.2018.10.129,https://doi.org/10.1016/j.envpol.2018.10.129,Toxicity assessment of pollutants sorbed on environmental microplastics collected on beaches: Part II - adverse effects on Japanese medaka early life stages,Pannetier P; Morin B; Clerandeau C; Laurent J; Chapelle C; Cachot J,2019,2018,Environmental Pollution,0025_2019_Toxicity_assessment_of_pollutants_sorbed_on_environmental_microplastics_collected_on_beaches_Part_II-adve_j.envpol.2018.10.129.pdf.pdf,Oryzias latipes,Fish,Embryo and newly hatched prolarva,,Single-generation early-life-stage assays,Freshwater laboratory embryo-rearing and mixing water,Virgin mixed LDPE/HDPE/PP/PS and environmental mixed PE/PP/PS,"Microplastic source material; organisms exposed to DMSO extracts, not particles",Ground and sieved to <600 um,Environmental sample composition reported; extract used for exposure,Mixed environmental fragments and laboratory plastic pieces,"Virgin, BaP-coated, and beach-weathered environmental material",No,Waterborne exposure to organic DMSO extracts,8 d embryo assay and 48 h prolarval assay,2 dpf embryos or just-hatched prolarvae,8 d or 48 h,"Embryos: solvent, virgin extract, BaP extract, Hawaii 0.01/0.1/1%; prolarvae: solvent, BaP, Easter, Guam, Hawaii extracts at 0.1%",% extract in medium,No direct particle exposure,"Sorbed pollutants, additives, monomers and BaP",DMSO solvent control and virgin-plastic extract control,Exposure replicate/dish or beaker,3 independent exposure replicates,25 embryos; endpoint subsamples 5-12 larvae,Environmental source material but solvent-extract exposure isolates chemical rather than physical particle effects,EROD xenobiotic metabolism; DNA damage,Mortality; hatching; morphology; body dimensions; locomotion,"Yes within extract-exposure assays, but not particle-only",Exact relative changes and replicate structure; most arm means are figure-only,Online supplement exists; not supplied,Not publicly deposited in article,"EXCLUDE - extract/sorbed-pollutant exposure, not a direct particle-only test",MANUALLY VERIFIED - BATCH 012,"Useful secondary evidence for MP-associated chemical toxicity, but cannot support inference about intact particles.",YES,YES,YES,YES,YES,YES,YES,NO,,,,,,,"Well-replicated extract assays, but ineligible for strict particle-only inference.",2018,Fish,Freshwater,Waterborne,Mixed polymers,Microplastic,Embryo or larva,Single-generation,Fully reusable for conventional effect size,2018,Fish,Waterborne,Mixed polymers,Microplastic
B1-026,10.1073/pnas.1519019113,https://doi.org/10.1073/pnas.1519019113,Oyster reproduction is affected by exposure to polystyrene microplastics,Sussarellu R; Suquet M; Thomas Y; Lambert C; Fabioux C; Pernet MEJ; Le Goic N; Quillien V; Mingant C; Epelboin Y; Corporeau C; Guyomarch J; Robbens J; Paul-Pont I; Soudant P; Huvet A,2016,2016,Proceedings of the National Academy of Sciences of the United States of America,0026_2016_Oyster_reproduction_is_affected_by_exposure_to_polystyrene_microplastics_pnas.1519019113.pdf.pdf,Crassostrea gigas,Mollusc,Reproductively conditioning adults and resulting larvae,Directly exposed broodstock,Parental direct exposure followed by unexposed offspring rearing,Marine flow-through seawater,Polystyrene,Microplastic,2 and 6 um,Commercial fluorescent beads; inflow and surrounding-water particle counts measured,Smooth spherical beads,Virgin fluorescent beads,Yellow-green fluorescent,Waterborne filtration/ingestion,Continuous flow-through exposure during gametogenesis,18-month-old adults at stage 0 to early stage 1,2 months,0 or 0.023 mg/L inflow; approximately 0.01 mg/L surrounding water,mg/L plus particles/mL,Yes,None; Tween-20 matched in both arms,Matched control with identical Tween-20 and husbandry,50-L tank for exposure; endpoint-specific subsampling thereafter,3 tanks per treatment,40 oysters per tank; endpoint-specific subsets,"Low mass concentration, but smooth virgin spheres differ from environmental particles",Hemocyte activity; transcriptomics; proteomics; energy allocation,Gamete quantity and quality; fecundity proxy; D-larval yield; offspring growth and metamorphosis,Yes across parental exposure and offspring outcomes,Many exact arm means with reported 95% confidence intervals; interval is not SD,Supporting information online,Partial - GEO GSE71845 for transcriptomics,INCLUDE - strict particle-only,MANUALLY VERIFIED - BATCH 012,"Strong mechanistic-apical design with tank replication, but printed ± values are 95% confidence intervals and endpoint-specific independent n often requires supplement.",YES,YES,YES,YES,YES,UC,YES,NO,,,,,,,"Tank design is clear; printed uncertainty is 95% CI, while endpoint-specific independent n requires supplement. GEO covers transcriptomics only.",2016,Mollusc,Marine,Waterborne/filter-feeding,PS,Microplastic,Multiple stages or life cycle,Inter- or multigenerational,Partially reusable,2016,Mollusc,Waterborne/filter-feeding,PS,Microplastic
B1-027,10.3390/antiox13070812,https://doi.org/10.3390/antiox13070812,Mitigating Dietary Microplastic Accumulation and Oxidative Stress Response in European Seabass (Dicentrarchus labrax) Juveniles Using a Natural Microencapsulated Antioxidant,Zarantoniello M; Cattaneo N; Conti F; Carrino M; Cardinaletti G; Sener I; Olivotto I,2024,2024,Antioxidants,0027_2024_Mitigating_Dietary_Microplastic_Accumulation_and_Oxidative_Stress_Response_in_European_Seabass_(Dicentrar_antiox13070812.pdf.pdf,Dicentrarchus labrax,Fish,Juvenile,,Single-generation feeding trial with mitigation arms,Marine aquaculture tanks,Amino-formaldehyde polymer,Microplastic,1-5 um; d50 1.5-2.0 um,d95 3.5 um; d99 5 um from supplier,Fluorescent microbeads,"Pristine, washed after Tween-80 suspension","Yes, emission 636 nm",Dietary,Six diet sequences with or without microencapsulated astaxanthin,"Juveniles, initial body weight approximately 74 g",60 d; intervention introduced at day 30 in switch groups,50 mg MP/kg feed; 7 g AX microcapsules/kg feed,mg/kg feed and g/kg feed,"Yes, MP diet versus control diet",Microencapsulated astaxanthin intervention in secondary arms,"Control, control-to-AX, AX-only, MP-only, MP-to-MP+AX and MP+AX",Tank for survival and growth; authors treat fish as units for other assays,3 tanks per group,20 fish/tank; 60 fish/group,Controlled dietary high-dose tracer-bead exposure,Tissue burden; intestinal histology; oxidative-stress and immune gene expression,Survival and growth performance,Yes,Variance-complete tank-level growth data and extensive tissue/histology tables,No separate supplement required for main tables,Article values only; inquiries to authors,INCLUDE - strict particle-only arm; antioxidant arms secondary,MANUALLY VERIFIED - BATCH 012,Four MP-versus-control growth comparisons are meta-analysis ready with n=3 tanks; fish-level tissue analyses remain nested within tanks.,YES,YES,YES,YES,YES,YES,YES,NO,,,,,,,Growth is fully tank-replicated; tissue assays use fish as units despite tank nesting.,2024,Fish,Marine,Dietary,Other polymer,Microplastic,Juvenile,Single-generation,Fully reusable for conventional effect size,2024,Fish,Dietary,Other polymer,Microplastic
B1-028,10.1016/j.marenvres.2025.107758,https://doi.org/10.1016/j.marenvres.2025.107758,Polystyrene microplastics impede growth and induce behavioural toxicity in endangered juvenile horseshoe crabs (Tachypleus tridentatus),Jiang Y; Yang Z; Jiang L; Chong CM; Gul S; Wang Y; Waiho K; Ma X; Chen Z; Hu M,2026,2025,Marine Environmental Research,0028_2026_Polystyrene_microplastics_impede_growth_and_induce_behavioural_toxicity_in_endangered_juvenile_horseshoe_j.marenvres.2025.107758.pdf.pdf,Tachypleus tridentatus,Chelicerate,Two-year-old juvenile,,Single-generation repeated-measure exposure and recovery,Marine artificial seawater,Polystyrene,Microplastic,5 um,SEM and micro-FTIR reported in supplement,Spherical microspheres,Pristine commercial particles,Not stated,Waterborne,14 d exposure followed by 7 d clean-water recovery,Two-year-old juveniles,14 d plus 7 d recovery,"0, 2, 20, 200 ug/L",ug/L,Yes,,Water control with identical husbandry,Glass tank for exposure; individual arena for behavior,3 tanks per concentration; behavioral sampling structure incompletely linked,36 juveniles/tank; six juveniles per concentration selected for behavior,Includes low environmental-level arm and higher sublethal arms,No conventional molecular biomarker; behavioral function used as organism-level response,Growth; feeding; locomotion; sensory behavior; recovery,Growth and behavior measured in same exposure design,Means/SE and boxplot data are figure/supplement only; no exact arm values entered,Online supplement exists; not supplied,Available on request,INCLUDE - strict particle-only,MANUALLY VERIFIED - BATCH 012,"Exposure replication is clear, but n=9 for growth and n=6 behavioral sampling are not transparently mapped to the three tanks or repeated individuals.",NO,YES,YES,NO,YES,UC,UC,NO,,,,,,,Main exact means are unavailable and n=9/n=6 cannot be mapped confidently to tanks or repeated animals.,2025,Chelicerate,Marine,Waterborne,PS,Microplastic,Juvenile,Single-generation,Directional or nonstandard evidence only,2025,Chelicerate,Waterborne,PS,Microplastic
B1-029,10.1016/j.envpol.2025.127405,https://doi.org/10.1016/j.envpol.2025.127405,Subtle reproductive toxicity of microplastics in Pelteobagrus fulvidraco: Evidence from chronic exposure during gonadal development,Xiang W; Gong X; Zhu Y; Zhou J; Wu S; Wei X; Yin S; Ji J,2026,2025,Environmental Pollution,0029_2026_Subtle_reproductive_toxicity_of_microplastics_in_Pelteobagrus_fulvidraco_Evidence_from_chronic_exposure_d_j.envpol.2025.127405.pdf.pdf,Pelteobagrus fulvidraco,Fish,"Larval and juvenile, pre- and post-gonadal differentiation",,Two independent chronic trials plus a separate 2-week trial,Freshwater dechlorinated tap water,Polyethylene and polypropylene,"Nanoplastic by measured diameter, termed microplastic by authors",Not clearly stated before DLS,PE 413.9 ± 39.91 nm; PP 482.0 ± 33.86 nm,Irregular rough-surfaced particles,Pristine commercial but rough surface selected to mimic environmental MPs,No; Nile Red used after tissue digestion,Waterborne,Trial 1 from 10 dph for 18 weeks; Trial 2 from 90 dph for 9 weeks; separate 2-week exposure,10 or 90 dph,"18 weeks, 9 weeks, or 2 weeks","0, 0.1, 1.0 mg/L for each polymer",mg/L,Yes,,Dechlorinated-water control,Not reported; fish counts given without tank replication,qPCR 3 pools of 2 gonads; tank-level replication not reported,"Methods state 50/treatment in Trial 1 and 75/treatment in Trial 2, inconsistent with figure captions",Authors describe concentrations and rough particles as environmentally relevant; mg/L and submicron classification require caution,Tissue accumulation; gonadal histology; reproductive gene expression,Survival; sex ratio; body weight; GSI,Yes within each trial,"Exact particle sizes, selected survival/sex-ratio percentages and test statistics; arm means largely figure-only",Online supplement exists; not supplied,Available on request,INCLUDE - strict particle-only,MANUALLY VERIFIED - BATCH 012,Major uncertainty in experimental unit and inconsistent group n across Methods and figures prevents effect-size calculation.,YES,YES,YES,NO,YES,UC,UC,NO,,,,,,,"Multiple aligned endpoints, but group-size inconsistencies and missing tank replication prevent quantitative synthesis.",2025,Fish,Freshwater,Waterborne,Mixed polymers,Nanoplastic,Multiple stages or life cycle,Single-generation or unclear,Directional or nonstandard evidence only,2025,Fish,Waterborne,Mixed polymers,Nanoplastic
B1-030,10.1016/j.jhazmat.2025.140909,https://doi.org/10.1016/j.jhazmat.2025.140909,Arachidonic acid reverses microplastic-induced macrophage dysfunction in teleost fish,Cao YC; Zhou YQ; Wu JY; Munangandu HMM; Peng B,2026,2025,Journal of Hazardous Materials,0030_2026_Arachidonic_acid_reverses_microplastic-induced_macrophage_dysfunction_in_teleost_fish_j.jhazmat.2025.140909.pdf.pdf,Oreochromis niloticus,Fish,"Juvenile, 10-15 g",,Single-generation mechanistic exposure with bacterial challenge and rescue arms,Freshwater laboratory aquaria,Polystyrene,Nanoplastic by measured size; authors use microplastic,Product PS-00100; fluorescent challenge particles 0.1 um,Hydrodynamic diameter 96.2 nm; PDI 0.055; zeta potential -38.1 +/- 0.25 mV,Uniform spherical microspheres,Pristine,Yes for uptake assay; otherwise not consistently stated,Waterborne immersion,3-d PS exposure followed by bacterial challenge; separate mechanistic and arachidonic-acid rescue experiments,Juvenile fish after two-week acclimation,3 d PS exposure; 8 d post-challenge survival; separate 10-d low-dose exposure,"0, 0.02, 0.5, 1, 5, 10, and 20 mg/L across experiments",mg/L,Yes before challenge; challenge survival uses a common S. agalactiae co-stressor,Streptococcus agalactiae challenge in apical survival experiments; arachidonic acid in rescue arms,"Matched unexposed controls within each experiment, with common infection background where applicable",Fish for survival; biological macrophage preparations for mechanistic assays,Survival n=20 fish/group; mechanistic assays generally n>=3 biological replicates,One fish for survival; pooled or isolated cell preparations vary by assay,High mechanistic dose and short duration; authors explicitly frame 20 mg/L as a pathway-revealing exposure rather than ambient simulation,Macrophage uptake and phagocytosis; cytokines; oxidative stress; T-cell proliferation; lysosomal function; transcriptomics; metabolomics,Pathogen-challenge survival; body weight and length in extended exposure,"Yes for immunological biomarkers and infection survival, with common pathogen challenge",Exact text values for selected biomarkers and survival changes; most curves and molecular endpoints are figure-only,Online supplementary data exist; not supplied,Available on request,INCLUDE - strict particle-only mechanistic exposure; challenge survival coded separately,MANUALLY VERIFIED - BATCH 013,"Strong mechanistic rescue design, but particles are nanoplastic by measured size and the main apical survival endpoint is conditional on bacterial challenge.",YES,YES,YES,YES,YES,UC,UC,NO,,,,,,,"Mechanistic and challenge outcomes are aligned, but many assay-specific n values and aquarium allocations are not explicit. Survival is conditional on bacterial challenge.",2025,Fish,Freshwater,Waterborne,PS,Nanoplastic,Juvenile,Single-generation,Partially reusable,2025,Fish,Waterborne,PS,Nanoplastic
B1-031,10.1016/j.cbpc.2025.110358,https://doi.org/10.1016/j.cbpc.2025.110358,Developmental toxicity of functionalized polystyrene microplastics and their inhibitory effects on fin regeneration in zebrafish,Li Q; Cheng W; Wang H; Chen J; Qin Y; Sheng R; Peng S; Li Z; Lu T; Sun L,2026,2025,"Comparative Biochemistry and Physiology, Part C",0031_2026_Developmental_toxicity_of_functionalized_polystyrene_microplastics_and_their_inhibitory_effects_on_fin_re_j.cbpc.2025.110358.pdf.pdf,Danio rerio,Fish,Embryo and larva,,Single-generation early-life-stage and caudal-fin regeneration assays,Freshwater embryo and larval exposure,"Polystyrene, plain, carboxylated, and aminated",Nanoplastic by nominal and measured size; authors use microplastic,50-100 nm,PS 104.30-107.81 nm; PS-COOH 89.08-90.30 nm; PS-NH2 127.69-136.24 nm,Spherical microspheres,"Pristine plain, -COOH functionalized, or -NH2 functionalized",No,Waterborne,Early-life exposure from 2 to 120 hpf and separate post-amputation exposure,2 hpf embryos or 72 hpf amputated larvae,120 h early-life exposure; up to 72 h post-amputation,"0, 0.1, 1, and 10 mg/L for development; 0 or 1 mg/L for regeneration",mg/L,Yes,Caudal fin amputation in regeneration experiment,Matched water controls for developmental and amputation experiments,Beaker,4 beakers/treatment,30 embryos or amputated larvae/beaker; endpoint subsamples specified,Standardized high-concentration nanosphere model with daily renewal,Oxidative stress; antioxidant defence; immune response; neurotoxicity; neutrophil migration; regeneration signalling,Mortality; hatching; body length; heart rate; locomotion; fin regeneration,Yes within each developmental or regeneration assay,Main outcomes mostly graphical; exact relative fin-area percentages reported for 24 and 48 hpa,Online supplementary data exist; not supplied,Available on request,INCLUDE - strict particle-only,MANUALLY VERIFIED - BATCH 013,"Clear four-beaker replication, but nearly all treatment means and variances require figures or supplementary tables.",YES,YES,YES,YES,YES,YES,YES,NO,,,,,,,"Four-beaker design is clear, but exact treatment values are mostly graphical or supplementary.",2025,Fish,Freshwater,Waterborne,PS,Nanoplastic,Embryo or larva,Single-generation,Fully reusable for conventional effect size,2025,Fish,Waterborne,PS,Nanoplastic
B1-033,10.1016/j.jhazmat.2025.140860,https://doi.org/10.1016/j.jhazmat.2025.140860,"Comparative toxicity of virgin and biodegraded LLDPE microplastics on growth, behavior, antioxidant, and hematological health of Catla catla fish",Ephsy DK; Raja S,2026,2025,Journal of Hazardous Materials,0033_2026_Comparative_toxicity_of_virgin_and_biodegraded_LLDPE_microplastics_on_growth_behavior_antioxidant_and_hem_j.jhazmat.2025.140860.pdf.pdf,Catla catla,Fish,Juvenile,,Single-generation chronic comparative exposure,Freshwater glass aquaria,Linear low-density polyethylene,Microplastic,Powder,40-50 um,"VPE smoother and more uniform; BDPE irregular, rough, cracked, and fragmented",Virgin or Bacillus cereus-biodegraded/oxidized,No,Waterborne,Daily complete renewal during 60-d exposure,"Juveniles, approximately 7.0-7.5 g after acclimation",60 d,"0, 1, 10, and 100 ug/L for VPE and BDPE",ug/L,Yes,None; biodegradation state is a particle modifier,Control and separate VPE/BDPE experimental cohorts,Aquarium,Three aquaria per condition or experiment,15 fish/aquarium,Low water concentrations and field-relevant size range; daily complete renewal,Hematology; catalase; glutathione S-transferase; additional antioxidant endpoints in supplement,Growth; survival; qualitative behavior,Yes,"Extensive exact main-text tables; 525 arm-level mean-SD records extracted, with tank-level growth means separated from within-tank SD",Online supplementary data exist; not supplied,Confidential,INCLUDE - strict particle-only,MANUALLY VERIFIED - BATCH 013,"T1-T3 in Table 1 are replicate experiments/aquaria, not timepoints. Hematology and antioxidant sample n is not fully reported.",YES,YES,YES,YES,YES,UC,YES,NO,,,,,,,"Tank replication is clear for growth, whereas blood and tissue sampling n is not reported and source data are confidential.",2025,Fish,Freshwater,Waterborne,PE family,Microplastic,Juvenile,Single-generation,Partially reusable,2025,Fish,Waterborne,PE family,Microplastic
B1-034,10.1016/j.ecoenv.2024.117447,https://doi.org/10.1016/j.ecoenv.2024.117447,A multi-levels analysis to evaluate the toxicity of microplastics on aquatic insects: A case study with damselfly larvae (Ischnura elegans),Sun L; Cheng Z; Wang M; Wei C; Liu H; Yang Y,2025,2024,Ecotoxicology and Environmental Safety,0034_2025_A_multi-levels_analysis_to_evaluate_the_toxicity_of_microplastics_on_aquatic_insects_A_case_study_with_da_j.ecoenv.2024.117447.pdf.pdf,Ischnura elegans,Aquatic insect,Final-instar larva,,Single-generation short-term exposure with multi-omics,Freshwater bottled mineral water,Polystyrene,Microplastic,30 um,Manufacturer particle size; no independent distribution reported,Spherical balls,Pristine,No,Waterborne,Individual-beaker exposure with daily renewal,Final-instar larvae after 24 h acclimation,5 d,"0, 0.1, 1, and 10 mg/L",mg/L,Yes,,Matched bottled-water control,One-larva beaker,Seven larvae/group stated; wording about four replicates is ambiguous,One larva/beaker,Short-duration standardized sphere exposure,Metabolomics; transcriptomics; gut microbiome; inferred oxidative and inflammatory pathways,Body weight; survival; tactile activity and resting behavior,"Yes, though omics focus on control versus 10 mg/L",Exact omics counts and model metrics; apical means are supplementary/figure dependent,Online supplementary data exist; not supplied,Available on request,INCLUDE - strict particle-only,MANUALLY VERIFIED - BATCH 013,"Single-animal exposure units are appropriate, but the manuscript wording on replication and some behavior conclusions is internally inconsistent.",YES,YES,YES,NO,NO,UC,YES,NO,,,,,,,"One-larva beakers are identifiable, but exact apical means are supplementary and replication wording is ambiguous.",2024,Aquatic insect,Freshwater,Waterborne,PS,Microplastic,Embryo or larva,Single-generation,Directional or nonstandard evidence only,2024,Aquatic insect,Waterborne,PS,Microplastic
B1-036,10.1016/j.envpol.2025.126586,https://doi.org/10.1016/j.envpol.2025.126586,Adaptive gut microbiota dysbiosis coupled with altered fatty acid metabolism in apple snails (Pomacea canaliculata): A potential strategy against polystyrene microplastic stress,Jiao Y; Zhang D; Li X; Zhou X; Huang Y; Chen M; Wan L; Tian X,2025,2025,Environmental Pollution,0036_2025_Adaptive_gut_microbiota_dysbiosis_coupled_with_altered_fatty_acid_metabolism_in_apple_snails_(Pomacea_can_j.envpol.2025.126586.pdf.pdf,Pomacea canaliculata,Mollusc,Adult,Directly exposed adult,Single-generation short-term exposure with microbiome and metabolomics,Freshwater beakers,Polystyrene,Microplastic,1 um,Commercial microspheres; no independent distribution reported,Microspheres,Pristine,No,Waterborne with dietary contact through lettuce,Semi-static exposure with water and PS renewed every two days,"Adults, shell height 30.0 +/- 3.0 mm",21 d,"0, 1, 10, and 50 mg/L",mg/L,Yes,,Matched no-PS control,2-L beaker,3 beakers/treatment,3 snails/beaker,Upper concentrations are high; 50 mg/L described as an extreme-pollution scenario,Intestinal morphology; SOD; MDA; gut microbiome; metabolomics and fatty-acid metabolism,Food intake; weight gain; shell growth; survival,Yes,Growth and oxidative outcomes are figure-only; exact omics counts and effect ranges are reported in text,Online supplementary data exist; not supplied,Available on request,INCLUDE - strict particle-only,MANUALLY VERIFIED - BATCH 013,"Exposure replication is clear at three beakers, so n=9 animals must not be treated as nine independent exposure replicates.",YES,YES,YES,YES,YES,YES,YES,NO,,,,,,,Three beakers are the independent exposure units. Most physiological means remain figure-only and omics samples are not fully mapped to beakers.,2025,Mollusc,Freshwater,Mixed waterborne–dietary,PS,Microplastic,Adult,Single-generation,Fully reusable for conventional effect size,2025,Mollusc,Mixed waterborne–dietary,PS,Microplastic
B1-038,10.1016/j.envpol.2025.126566,https://doi.org/10.1016/j.envpol.2025.126566,"Nanoplastics under the charge effects: Unveiling the potential threats to amphibian (Rana nigromaculata) growth, intestinal damage and microbial ecology",Fang P; Ye S; Luo Z; Guo R; Jiang Y; Liu L; Li S; Xiao F,2025,2025,Environmental Pollution,0038_2025_Nanoplastics_under_the_charge_effects_Unveiling_the_potential_threats_to_amphibian_(Rana_nigromaculata)_g_j.envpol.2025.126566.pdf.pdf,Rana nigromaculata,Amphibian,"Tadpoles, Gosner stages 26-30",,Single-generation 21-d tadpole exposure,Freshwater laboratory containers,Polystyrene,Nanoplastic,30 nm,TEM/DLS and zeta-potential characterization reported in supplementary Fig. S1; exact main-text size values not printed,Spherical nanoparticles,Amine-functionalized positive surface and carboxyl-functionalized negative surface,Yes - charge-specific fluorescent particles used for accumulation assay,Waterborne,Semi-static; exposure media renewed every two days,Gosner stages 26-30,21 d,"0, 6, and 60 mg/L for PS-COOH and PS-NH2",mg/L,Yes,,Dechlorinated tap-water control,Aquaponic exposure container,3 containers per treatment,Approximately 10 tadpoles per container,Authors describe 6 mg/L as a low level and 60 mg/L as tenfold higher; both are high on a mass-concentration basis,"Whole-body particle burden; intestinal histopathology; GSH, SOD and MDA; gut microbiome; glycolysis and lipid-metabolism gene transcription",Survival; body weight; body length; tail length; body mass index,Yes,Table 1 provides exact mean +/- SD values; its n=10 footnote is not equivalent to the three independent exposure containers; other endpoints are figure-only or supplementary-dependent,Online supplementary data cited but not supplied,Available on request,INCLUDE - strict particle-only,MANUALLY VERIFIED - BATCH 014,"The exposure unit is clearly the container, but Table 1 reports n=10 and appears to analyse individual tadpoles; independent variance for meta-analysis is unresolved.",YES,YES,YES,YES,YES,UC,YES,NO,,,,,,,"Exact means and SD are available, but Table 1 n=10 is nested within three exposure containers and cannot be used as independent n without source clarification.",2025,Amphibian,Freshwater,Waterborne,PS,Nanoplastic,Embryo or larva,Single-generation,Partially reusable,2025,Amphibian,Waterborne,PS,Nanoplastic
B1-039,10.1002/jbt.70518,https://doi.org/10.1002/jbt.70518,Toxicological Assessment of Microplastics in Zebrafish: Biochemical Responses and Histopathological Changes,Immaculate J.K.; Narmatha S.M.; Jamila P.,2025,2025,Journal of Biochemical and Molecular Toxicology,0039_2025_Toxicological_Assessment_of_Microplastics_in_Zebrafish_Biochemical_Responses_and_Histopathological_Change_jbt.70518.pdf.pdf,Danio rerio,Fish,Five-month-old adults of mixed sex,Directly exposed adult,Single-generation 12-d and 24-d dietary exposure,Freshwater glass aquaria,Polyethylene,Environmental microplastic,50 and 100 um,Size-selected field-derived fibers; no full particle-size distribution reported,Fibers,"Environmental field-collected, washed and dried; sorbed contaminants were not measured",No,Dietary; fibers mixed into commercial feed although doses are reported in ug/L,"Triplicate tank exposure, water changed every two days",Five-month-old adult,12 and 24 d,"0, 0.1, 10, 50, and 500 ug/L for each particle size",ug/L as reported despite dietary delivery,No - environmental particles lack a clean-particle comparator,Potential field-sorbed pollutants and additives were not quantified,Unexposed feed control; no uncontaminated synthetic PE-particle comparator,Aquarium,Likely 3 aquaria per size-by-concentration group; 30 tanks total,15 fish per aquarium,Field-derived particles improve physical realism but introduce uncontrolled chemical mixtures,"Organ particle burden; liver protein; SOD, CAT, GST, GSH-Px, GSH and lipid peroxidation; organ histopathology",Survival; body weight; total length; condition factor,Yes,"Tables 1-3 contain exact percentages, means/SD and counts; Table 2 collapses the two particle sizes and cannot be mapped to a unique physical arm",No separate supplementary file identified in the main article,Available on request,EXCLUDE - environmental particle/pollutant mixture for strict particle-only inference,MANUALLY VERIFIED - BATCH 014,The authors explicitly state that adsorbed contaminants were not evaluated and that the lack of an uncontaminated-MP control prevents separation of particle and pollutant effects.,YES,YES,YES,YES,YES,UC,YES,NO,,,,,,,"Some exact tables are available, but size strata are collapsed and the environmental particles lack a clean-particle comparator.",2025,Fish,Freshwater,Dietary,PE family,Microplastic,Adult,Single-generation,Partially reusable,2025,Fish,Dietary,PE family,Microplastic
B1-040,10.3390/fishes10080382,https://doi.org/10.3390/fishes10080382,Microplastics Induce Structural Color Deterioration in Fish Poecilia reticulata Mediated by Oxidative Stress,Ren H-Y; Ma H-C; He R-P; Gao C-C; Wen B; Gao J-Z; Chen Z-Z,2025,2025,Fishes,0040_2025_Microplastics_Induce_Structural_Color_Deterioration_in_Fish_Poecilia_reticulata_Mediated_by_Oxidative_Str_fishes10080382.pdf.pdf,Poecilia reticulata,Fish,Juvenile blue-strain guppy,,Single-generation 30-d juvenile exposure,Freshwater tanks,Polyethylene,Microplastic and nanoplastic,32-40 um MPs and 88 nm NPs,Exposure concentration checked by flow cytometry; no independent size distribution printed,Commercial fluorescent particles; morphology not fully described,Commercial pristine fluorescent particles dispersed with ethanol and Tween-20,Yes,Waterborne,One-third daily water renewal with particle replenishment,"Juvenile, initial body weight 0.12 g",30 d,"0, 16, and 160 ug/L for MPs and NPs",ug/L,"Yes, with an unresolved vehicle-control caveat",None intentionally; ethanol/Tween-20 stock vehicle,0 ug/L water control; matching ethanol/Tween-20 vehicle is not explicitly stated,Tank,3 tanks per treatment,16 fish per tank,Concentrations were selected as environmentally realistic or ecologically relevant,"Gill/gut particle burden; SOD, CAT, GSH, GSSG, T-AOC, MDA and uric acid in skin and gut","Survival; specific growth rate; structural coloration Delta L, Delta a, Delta b and Delta E",Yes,"Means and SD are shown in figures; no exact arm values are printed in text or tables, so no values were estimated visually",No supplementary dataset identified,Authors state that supporting data are in the manuscript; complete numeric source data are not provided,INCLUDE - strict particle-only with vehicle-control caveat,MANUALLY VERIFIED - BATCH 014,"Tank replication is clear for growth and pooled tissue assays, but body-colour n=24 is nested within three tanks and vehicle matching is not described.",YES,YES,YES,YES,YES,UC,YES,NO,,,,,,,"Tank replication is clear for several outcomes, but exact values are figure-only, body-colour observations are nested, and vehicle matching is unclear.",2025,Fish,Freshwater,Waterborne,PE family,Nano–micro mixed or boundary,Juvenile,Single-generation,Partially reusable,2025,Fish,Waterborne,PE family,Nano–micro mixed or boundary
B1-041,10.1016/j.hazadv.2025.100923,https://doi.org/10.1016/j.hazadv.2025.100923,Environmental microplastics accumulate in gonads in a sex-dependent manner and alter reproductive success in zebrafish (Danio rerio),Rabezanahary ANA; Ducarme B; Rajoelisoa A; Mong YJM; Azari A; Ghosh M; Hoet PHM; Muller HB; Eppe G; Bernay B; Randrianarivo RH; Kestemont P; Missawi O; Cornet V,2025,2025,Journal of Hazardous Materials Advances,0041_2025_Environmental_microplastics_accumulate_in_gonads_in_a_sex-dependent_manner_and_alter_reproductive_success_j.hazadv.2025.100923.pdf.pdf,Danio rerio,Fish,Juveniles entering sexual maturation and reproductive adults,Directly exposed reproductive fish,45-d pre-reproduction exposure followed by 23-d reproduction phase,Freshwater glass tanks,"Mixed environmental polymers including PP, PEVA, PE, HDPE, PVC and PS",Environmental microplastic mixture,1.2-50 um after cryomilling,Dominant stock and gonad particle size approximately 5-15 um,"Mixed irregular cryomilled fragments with cracks, roughness and microbial colonization",Weathered environmental particles carrying additives and sorbed PCBs/PBDEs,No,Waterborne,Semi-static; 2 x 4 L replaced daily during pre-reproduction exposure,Two months post-fertilization,"68 d in Methods, with 45 d pre-reproduction plus 23 d reproductive assessment","0, 100, and 1000 ug/L",ug/L,No - inseparable environmental particle/chemical mixture,"Sorbed PCB and PBDE congeners, additives and environmental surface-associated material",No-MP water control; no clean polymer-matched particle comparator,Tank,4 tanks per condition before reproduction; reproduction used 3 tanks per condition with 3 couples per tank,20 fish per pre-reproduction tank; 3 couples per reproduction tank,High physical and chemical realism but poor attribution to particles alone,"Gonad particle burden; ovarian histology; liver proteomics; vitellogenin; gonadal MDA; apoptosis, oxidative phosphorylation and energy metabolism pathways",Fecundity; fertilization success; total egg production,Yes,Multiple exact text-reported means/SD and counts are available; reproductive n=63 represents repeated tank-day observations rather than 63 independent tanks,Online supplementary material cited but not supplied,Available on request,EXCLUDE - environmental particle/pollutant mixture for strict particle-only inference,MANUALLY VERIFIED - BATCH 014,"The experiment is valuable realistic-mixture evidence, but particle effects cannot be separated from measured PCBs, PBDEs and additives; abstract and Results disagree on maximum gonad burden.",YES,YES,YES,YES,YES,UC,YES,NO,,,,,,,"Exact values are available, but n=63 is repeated tank-day data and the environmental particle/pollutant mixture is unsuitable for particle-only synthesis.",2025,Fish,Freshwater,Waterborne,Mixed polymers,Microplastic,Multiple stages or life cycle,Single-generation or unclear,Partially reusable,2025,Fish,Waterborne,Mixed polymers,Microplastic
B1-044,10.3390/ijms26031216,https://doi.org/10.3390/ijms26031216,Vitamin E Mitigates Polystyrene-Nanoplastic-Induced Visual Dysfunction in Zebrafish Larvae,Saputra F; Pramata AD; Soegianto A; Hu S-Y,2025,2025,International Journal of Molecular Sciences,0044_2025_Vitamin_E_Mitigates_Polystyrene-Nanoplastic-Induced_Visual_Dysfunction_in_Zebrafish_Larvae_ijms26031216.pdf.pdf,Danio rerio,Fish,"Embryo to larva, 2 hpf to 6 dpf",Adults used only for spawning,Single-generation developmental exposure with a vitamin E mitigation arm,Freshwater embryo medium in 6-well plates,Polystyrene,Nanoplastic,25 nm,25 ± 0.6 nm by TEM in prior characterization,Round,Commercial pristine fluorescent particles; stock contains trace surfactants/preservatives,Red fluorescent dye,Waterborne,Static-renewal; exposure medium refreshed daily,2 hpf,2-144 hpf,"0, 0.01, 0.1, 1, and 10 ug/mL; 20 uM vitamin E mitigation at 0.1 ug/mL PSNP",ug/mL,Yes,Vitamin E intervention in selected arms,Matched DMSO 0.0019% and Tween-80 0.000010% vehicle control; vitamin-E-only control included,Well/independent experimental replicate using eggs from different spawns,3 independent experiments per group,50 embryos per well; figure-level subsamples commonly n=10,Nanoplastic concentration range includes very high upper treatments; developmental exposure is mechanistically informative,"Eye particle burden; retinal ROS; retinal apoptosis; visual-development, apoptosis and antioxidant gene expression",Eye-to-body length ratio; optomotor response; swimming distance,"Yes for morphology, behavior and retinal biomarkers; qPCR uses parallel samples",Outcome means/SD are figure-only; no bar values were visually estimated,No separate supplementary numeric file supplied,Available on reasonable request,INCLUDE - strict particle-only; mitigation arms secondary,MANUALLY VERIFIED - BATCH 015,"Three independent experiments are reported, but figure n=10 is a subsample and must not be treated as 10 independent exposure units.",YES,YES,YES,YES,YES,UC,YES,NO,,,,,,,"Exact values are figure-only; n=10 is a subsample within three independent experiments, and qPCR pooling is incompletely reported.",2025,Fish,Freshwater,Waterborne,PS,Nanoplastic,Embryo or larva,Single-generation,Partially reusable,2025,Fish,Waterborne,PS,Nanoplastic
B1-046,10.1021/acs.jpcb.5c06053,https://doi.org/10.1021/acs.jpcb.5c06053,Nanoplastics and the Role of the Corona in the Biological Responses of Daphnia magna,Quevedo AC; Armstrong O; Wheeler KE; Riley KR; Tufenkji N,2025,2025,The Journal of Physical Chemistry B,0046_2025_Nanoplastics_and_the_Role_of_the_Corona_in_the_Biological_Responses_of_Daphnia_magna_acs.jpcb.5c06053.pdf.pdf,Daphnia magna,Crustacean,Neonate <24 h old,Adults used only to produce neonates,Acute 24-h and 48-h exposure,Moderately hard reconstituted freshwater in glass beakers,Polystyrene,Nanoplastic,20 nm,Hydrodynamic size and zeta potential measured for bare and corona-coated particles,Commercial fluorescent spheres,"Dialyzed bare sulfate-modified particles or hard coronas formed with FBS, Daphnia-secreted biomolecules, or algae biomolecules",Yellow-green fluorescent,Waterborne,"Static, unfed acute exposure",Neonate <24 h,24 and 48 h,4.1 x 10^8 particles/mL,particles/mL,Yes for bare PSNP versus MHRW control,Biomolecular corona is a particle-surface modifier rather than a dissolved toxicant,MHRW no-particle control; bare particles processed identically to corona-coated particles,Beaker for survival; pooled homogenate for enzymes; individual neonate for behavior with exposure nesting not fully retained,Survival 4 beakers; enzymes 3 pooled samples; behavior n=10 individuals,5 neonates/beaker for survival; 20 neonates/pool for enzyme assays,Corona-coated arms improve environmental realism; FBS is laboratory-specific whereas DSB and algae coronas are more relevant,"Nanoplastic internalization; SOD, CAT and GST; acquired corona composition",Survival and swimming behavior,"Yes at each time point, with different subsamples for endpoints",Multiple exact text-reported means/SD and survival percentages; complete tables are in supporting information not supplied,Supporting Information Tables S1-S9 cited but not uploaded,Unclear; supporting information exists but complete raw data status was not established,INCLUDE - bare-particle contrast primary; corona-coated arms are modifier analyses,MANUALLY VERIFIED - BATCH 015,Survival replication is clear. Individual behavior and internalization values should not be assumed independent of the original exposure beakers.,YES,YES,YES,YES,YES,UC,YES,UC,,,,,,,"Survival and pooled-enzyme designs are clear, but complete SI tables are absent and individual endpoint observations are nested within exposure beakers.",2025,Crustacean,Freshwater,Waterborne,PS,Nanoplastic,Embryo or larva,Single-generation or unclear,Partially reusable,2025,Crustacean,Waterborne,PS,Nanoplastic
B1-047,10.1016/j.aquatox.2025.107386,https://doi.org/10.1016/j.aquatox.2025.107386,Size over substance: Microplastic particle size drives gene expression and fitness loss in a freshwater insect,Doria HB; Sohal N; Feldmeyer B; Pfenninger M,2025,2025,Aquatic Toxicology,0047_2025_Size_over_substance_Microplastic_particle_size_drives_gene_expression_and_fitness_loss_in_a_freshwater_in_j.aquatox.2025.107386.pdf.pdf,Chironomus riparius,Aquatic insect,First-instar larva through adult reproduction; L4 larvae for transcriptomics,Adults generated in the lifecycle test and pooled by treatment for reproduction,One-generation OECD 233 lifecycle test plus parallel 15-d larval transcriptome experiment,Freshwater sediment microcosms,"Polyvinyl chloride and polyamide, singly and mixed",Microplastic,<100 um and >100 um fractions,Sieved size classes; microscopy images supplied,Irregular powders/particles,Commercial particles; leachates contained measured metals and PAHs,No,Sediment-associated ingestion/contact,Chronic sediment exposure,First-instar larvae,One generation; transcriptome sampled after 15 d,1 g/kg sediment,g/kg sediment,"Yes, but polymer leachates/additives complicate physical-particle attribution",Intrinsic leachable metals and PAHs from PA and PVC,No-particle negative control; no isolated leachate-only arm,Glass bowl for larval and emergence outcomes; reproduction cage collapsed across replicate bowls,5 bowls per group; transcriptome 5 pooled samples/group except MIX-small n=4,30 larvae per bowl; 8 L4 larvae per transcriptomic pool,Sediment exposure and common polymers are relevant; 1 g/kg is high and leachates are material-specific,"Whole-body transcriptomics, oxidative stress, inflammation, metabolism and molting pathways",Mortality; emergence time; fertility; daily population growth rate,Parallel experiments using matched treatments rather than the same cohort,"Exact Bayesian posterior means, 95% HDIs, effect sizes and posterior probabilities are printed in Table 1",Online supplementary material cited but not uploaded,RNA-seq public at ENA PRJEB55611; phenotype/raw lifecycle data available on request,INCLUDE - strict particle treatment with leachate/additive caveat,MANUALLY VERIFIED - BATCH 015,"All adults from five bowls were combined into one reproduction cage per treatment, limiting independence for fertility and PGR despite bowl-level larval replication.",NO,YES,NO,YES,YES,UC,YES,UC,,,,,,,"Exact Bayesian summaries and public RNA-seq exist, but biomarker and fitness cohorts differ and adults were pooled into one reproduction cage per treatment.",2025,Aquatic insect,Freshwater,Sediment-associated,Mixed polymers,Microplastic,Multiple stages or life cycle,Single-generation or unclear,Partially reusable,2025,Aquatic insect,Sediment-associated,Mixed polymers,Microplastic
B1-049,10.3390/cimb47090701,https://doi.org/10.3390/cimb47090701,Effect of Dietary Exposure to Low-Density Polyethylene Microplastics and Their Potential Role as Estrogen Vectors In Vivo,Al-Jandal N; Saheb AI; Alkhubaizi A; Akbar A; Al-Hasan E; Hussain S; Al-Mansour H,2025,2025,Current Issues in Molecular Biology,0049_2025_Effect_of_Dietary_Exposure_to_Low-Density_Polyethylene_Microplastics_and_Their_Potential_Role_as_Estrogen_cimb47090701.pdf.pdf,Acanthopagrus latus,Fish,All-male juvenile yellowfin seabream,Directly exposed juvenile fish,Four-week dietary vector experiment,Marine/seawater aquaculture tanks,Low-density polyethylene,Microplastic pellet,Approximately 3 mm,Commercial virgin pellets; no post-WWTP size distribution reported,Pellets,Virgin LDPE or LDPE conditioned for four weeks in WWTP influent or effluent,No,Dietary,Morning MP-enriched feed and evening regular feed; 50% daily water renewal,Juvenile males 60-110 g,4 weeks,0.15-0.3% of diet as LDPE MPs in every treatment,% diet,No - all three groups received MPs and there was no particle-free diet,Sorbed wastewater estrogens on influent- and effluent-conditioned MPs,Virgin-MP diet called control; no no-MP feed control,Tank,Reported as triplicate tanks per treatment; wording also says fish divided into three tanks and requires clarification,24 fish/treatment; 6 fish/replicate for biometric data and 2 pooled fish/replicate for biomarkers,Directly tests the chemical-vector hypothesis but cannot estimate either particle-only or estrogen-only effects,Serum vitellogenin; Cyp1A1 and Vtg expression in multiple organs; serum protein; HSI,"Body weight, body length and condition factor",Yes,"Exact estrogen table, condition-factor table, HSI text values and labeled figure means are available",No separate supplement required for the extracted values,Authors state that data are contained within the article; complete raw observations are not supplied,EXCLUDE - no particle-free control; retain as secondary estrogen-vector evidence,MANUALLY VERIFIED - BATCH 015,Virgin MPs are not an unexposed control. Differences among groups combine wastewater-derived estrogen loading with possible conditioning effects.,YES,NO,YES,YES,YES,YES,YES,NO,,,,,,,"Tank-level pooling is clear, but all groups received MPs and the virgin-MP group is not a particle-free control.",2025,Fish,Marine,Dietary,PE family,Microplastic,Juvenile,Single-generation or unclear,Fully reusable for conventional effect size,2025,Fish,Dietary,PE family,Microplastic
B1-051,10.1016/j.marpolbul.2025.118357,https://doi.org/10.1016/j.marpolbul.2025.118357,Size-dependent toxicological effects and mechanisms of PET microplastics in Pacific white shrimp (Penaeus vannamei),Kim L; Kim H; Song Y; An Y-J,2025,2025,Marine Pollution Bulletin,0051_2025_Size-dependent_toxicological_effects_and_mechanisms_of_PET_microplastics_in_Pacific_white_shrimp_(Penaeus_j.marpolbul.2025.118357.pdf.pdf,Penaeus vannamei,Crustacean,Juvenile Pacific white shrimp,,21-d toxicity experiment plus separate 7-d transcriptome experiment,Artificial seawater with fine sand,Polyethylene terephthalate,Microplastic,"PET-S 9.09 um, PET-M 49.00 um, PET-L 158.59 um",Mean sizes measured and reported for three fragment classes,Irregular fragments,Laboratory-prepared pristine fragments,Blue visualization used for ingestion images; treatment material characterization in supplement,Waterborne/sediment-associated with ingestion,Whole medium and bottom sand replaced every 3-4 d,"Juvenile, 0.27 ± 0.03 g",21 d main experiment; 7 d transcriptome experiment,"0, 1, 10, and 100 mg/L for each size class",mg/L,Yes,None intentionally,Clean artificial seawater and sand control,1-L container,4 containers/group in main experiment; 3 replicates/group in transcriptome experiment,5 shrimp/container in main experiment; 5 shrimp per replicate for transcriptome exposure,Fragment shape and sediment contact are relevant; mass concentrations are high and particle number differs strongly by size,"Hepatopancreas histopathology; intestinal ultrastructure; transcriptomic oxidative, inflammatory, metabolic and nutrient-transport pathways","Survival; wet body weight; total movement distance, stationary ratio and moving speed",Main histology and apical endpoints aligned at 21 d; transcriptome is a separate 7-d cohort,"Exact text values for particle number, selected survival and movement outcomes; most growth and pathology values remain figure-only","Supplementary Text S1, Table S1 and figures cited but not uploaded",RNA-seq public as printed accession PRJNA103658; other data available on request,INCLUDE - strict particle-only,MANUALLY VERIFIED - BATCH 015,Four-container replication is clear for the main experiment. The separate 7-d RNA-seq cohort should not be treated as temporally paired with 21-d fitness outcomes.,YES,YES,YES,YES,YES,YES,YES,UC,,,,,,,Main 21-d outcomes have four containers/group; RNA-seq is a separate 7-d cohort and most phenotype means remain figure-only.,2025,Crustacean,Marine,Waterborne,PET,Microplastic,Juvenile,Single-generation or unclear,Fully reusable for conventional effect size,2025,Crustacean,Waterborne,PET,Microplastic
B1-052,10.1002/jez.70005,https://doi.org/10.1002/jez.70005,"Growth but Not Corticosterone, Oxidative Stress, or Telomere Length Is Negatively Affected by Microplastic Exposure in a Filter-Feeding Amphibian",Martin C; Ruthsatz K; Gomez-Mestre I; Burraco P,2025,2025,Journal of Experimental Zoology Part A: Ecological and Integrative Physiology,0052_2025_Growth_but_Not_Corticosterone_Oxidative_Stress_or_Telomere_Length_Is_Negatively_Affected_by_Microplastic_jez.70005.pdf.pdf,Xenopus laevis,Amphibian,"Filter-feeding larva, NF46 to NF57",Adults not exposed; two egg clutches supplied larvae,Single-generation 3 x 2 factorial particle/fiber and corticosterone experiment,Individual 2.6-L dechlorinated-water containers,Polyethylene,Microplastic,34-50 um,Commercial size range; no independent size distribution reported in the main article,Powder/fiber treatment; precise morphology not independently characterized,Commercial pristine polyethylene powder,No,Waterborne with filter-feeding ingestion,Aerated exposure; full water renewal every other day,NF46,Until each larva reached NF57; duration varied by development,0 or 60 mg/L PE; 60 mg/L cellulose control; 0 or 100 nM corticosterone,mg/L and nM,Yes - PE without corticosterone versus no-fiber/no-corticosterone control,Exogenous corticosterone; cellulose natural-fiber comparator,No-fiber control and cellulose-fiber control crossed with absence/presence of corticosterone,Individual 2.6-L container/tadpole,17 individual containers per factorial cell at allocation,1 tadpole/container,Authors describe the particle density as representative of highly polluted surface water; 60 mg/L is high by mass,Tail corticosterone; antioxidant enzymes; lipid peroxidation; glutathione redox status; liver and gut telomere length,Body mass; snout-vent length; total length; gut mass,Yes - biomarker and growth measurements were obtained from the same terminally sampled individuals,"Main text reports exact percentages and model statistics; arm distributions are boxplot-only, but a complete study dataset is public on Figshare",No separate numerical supplement identified in the supplied article,Public Figshare dataset: 10.6084/m9.figshare.25958923.v1,INCLUDE - strict particle-only factorial contrast available,MANUALLY VERIFIED - BATCH 016,"Experimental unit is unusually clear. Two clutches were pooled before randomization, so clutch-level heterogeneity cannot be estimated separately.",YES,YES,YES,NO,NO,YES,YES,YES,,,,,,,Individual containers and public raw data are strengths; main paper boxplots do not print arm means or variance.,2025,Amphibian,Freshwater,Mixed waterborne–dietary,PE family,Microplastic,Embryo or larva,Single-generation,Directional or nonstandard evidence only,2025,Amphibian,Mixed waterborne–dietary,PE family,Microplastic
B1-053,10.1016/j.aquatox.2025.107338,https://doi.org/10.1016/j.aquatox.2025.107338,"Effects of polypropylene microparticles ingestion on the growth and physiology of Piaractus brachypomus, and its accumulation and tissue damage",de Oliveira CG; Boaventura TP; dos Santos FAC; de Sena Souza A; Silva SS; Gil CSB; Luz RK; Orefice RL,2025,2025,Aquatic Toxicology,0053_2025_Effects_of_polypropylene_microparticles_ingestion_on_the_growth_and_physiology_of_Piaractus_brachypomus_a_j.aquatox.2025.107338.pdf.pdf,Piaractus brachypomus,Fish,Juvenile fish,,Single-generation 60-d dietary study with destructive sampling at 10 d and 60 d,"Five treatment-specific recirculating aquaculture systems, each feeding four 30-L culture tanks",Polypropylene,Microplastic,Ground/sanded particles,0.041-2.87 mm; mean Feret diameter 1.07 mm,Irregular mechanically abraded particles,Laboratory-prepared pristine polypropylene fragments,No,Dietary ingestion,PP fixed to feed with gelatin; feeding to apparent satiation twice daily,"Juveniles, 13.45 +/- 2.07 g",10 d and 60 d,"0, 10, 100, 1000, and 5000 mg/kg feed",mg/kg feed,Yes,None intentionally,Matched gelatin-coated feed without polypropylene particles,Treatment-specific RAS is the highest-level unit; four culture tanks are nested within one RAS per treatment,"Nominally four tanks/treatment, but one recirculation system/treatment creates treatment-level pseudoreplication risk",14 fish/tank initially; 3 fish/tank sampled at 10 d and 7 fish/tank remained to 60 d,Dietary concentrations exceed typical environmental levels and are intended to represent pollution hotspots,Hematology; plasma biochemistry; ALT and AST; somatic indices; liver and intestinal histopathology; tissue particle detection,Final weight and length; weight gain; specific growth rate; feed intake and conversion; survival,"Yes within each time point, but sampled individuals are nested within treatment-specific RAS systems",Tables 3 and 4 provide 110 exact mean-SD records; independent treatment-level replication is not sufficient for primary meta-analysis,Online supplementary material exists; not supplied,Available on request,INCLUDE - strict particle-only evidence map; exclude from primary effect synthesis because treatment is confounded with RAS,MANUALLY VERIFIED - BATCH 016,Each treatment used a different recirculating system. Four tanks within a treatment share water infrastructure and do not provide independent treatment-system replication.,YES,YES,YES,YES,YES,UC,YES,NO,,,,,,,"Exact tables are extensive, but each treatment has one independent RAS and four nested culture tanks.",2025,Fish,Other or unclear,Dietary,PP,Microplastic,Juvenile,Single-generation,Partially reusable,2025,Fish,Dietary,PP,Microplastic
B1-054,10.3390/fishes10120598,https://doi.org/10.3390/fishes10120598,"The Effects of Probiotics on the Recovery of Growth, Digestive, Antioxidant, Immune Functions, and Gut Microbiota of Chinese Hooksnout Carp (Opsariichthys bidens) Under Microplastic Stress",Hu M; Li Y; Pan L; Wu M; Zheng S,2025,2025,Fishes,0054_2025_The_Effects_of_Probiotics_on_the_Recovery_of_Growth_Digestive_Antioxidant_Immune_Functions_and_Gut_Microb_fishes10120598.pdf.pdf,Opsariichthys bidens,Fish,Juvenile/fry,,Seven-day common MP stress followed by 56-d probiotic recovery experiment,Freshwater recirculating glass-tank units,Polystyrene,Microplastic,100 um,No independent size distribution reported,Commercial microspheres,Commercial pristine particles,No,Waterborne stress phase; dietary probiotic recovery phase,All fish received the same 7-d MP stress before randomization to recovery diets,"Juveniles, 1.17 +/- 0.19 g",7 d particle stress plus 56 d recovery,"10 ug/L PS during stress; 0, 1e7, 1e8, or 1e9 CFU/g Bacillus coagulans during recovery",ug/L and CFU/g feed,No valid contemporaneous particle-free comparator for the MP stress effect,Bacillus coagulans recovery intervention,NP is a pre-stress baseline; HP is a post-stress destructive sample; all recovery groups had prior MP exposure,Rearing tank during recovery; pre-stress/post-stress sampling unit structure is incompletely described,Three recovery units/group; six sampled fish/group for many endpoints,30 fish/rearing unit during recovery,Low nominal water concentration; study addresses recovery rather than contemporaneous particle toxicity,"Digestive enzymes; liver T-AOC, SOD, CAT and MDA; growth and immune gene expression; gut microbiota","Body length and weight; weight gain rate; condition, hepatosomatic and viscerosomatic indices","Recovery biomarkers and growth are aligned, but the causal MP effect lacks a parallel unexposed control",Table 3 provides 32 exact recovery-group mean-SD values; figure values were not visually estimated,No separate supplementary numeric file identified,Article-contained summary only; further inquiries to authors,EXCLUDE FROM STRICT PARTICLE-ONLY - recovery/intervention evidence without parallel particle-free control,MANUALLY VERIFIED - BATCH 016,"Before-after NP/HP samples are not a randomized parallel control contrast, and every 56-d recovery arm had already received the same MP exposure.",YES,NO,YES,YES,YES,YES,YES,NO,,,,,,,"Quantitative recovery data are usable for probiotic comparisons, but no parallel particle-free control supports isolated MP inference.",2025,Fish,Freshwater,Mixed waterborne–dietary,PS,Microplastic,Juvenile,Single-generation or unclear,Fully reusable for conventional effect size,2025,Fish,Mixed waterborne–dietary,PS,Microplastic
B1-056,10.1016/j.jhazmat.2025.139094,https://doi.org/10.1016/j.jhazmat.2025.139094,Comparative impacts of fragmented versus spherical microplastics on the marine rotifer Brachionus koreanus: Multigenerational chronic toxicity and multi-omics perspective,Yoo J-W; Choi T-J; Park J-S; Lee Y-H; Hwang DH; Kim C-B; Jeong T-Y; Lee Y-M,2025,2025,Journal of Hazardous Materials,0056_2025_Comparative_impacts_of_fragmented_versus_spherical_microplastics_on_the_marine_rotifer_Brachionus_koreanu_j.jhazmat.2025.139094.pdf.pdf,Brachionus koreanus,Rotifer,Neonate through death across F0-F2; adults for 24-h omics,Adult rotifers used in separate omics exposure,Three-generation chronic life-history test plus separate short-term multi-omics experiment,Artificial seawater in 24-well plates,Polypropylene fragments and polyethylene beads,Microplastic,Fragment-S 0.63-2.33 um; fragment-L 2.21-5.09 um; bead-S 0.74-4.99 um; bead-L 3-16 um,"Size, shape, zeta potential and DLS reported in supplementary characterization",Irregular fragments versus spherical beads,Additive-free model particles,No,Waterborne with ingestion,Daily-renewal chronic exposure with 0.01% Tween 20 in all solutions; 24-h dark exposure for omics,Neonate <2 h for chronic test,Entire lifespan across F0-F2; 24 h for omics,"0, 1.25, 2.5, 5, 10, and 20 mg/L chronic; 5 mg/L fragments and 5 or 20 mg/L beads for omics",mg/L,Yes,"None; particle type combines polymer, shape and size",Artificial seawater plus 0.01% Tween 20 control,Well/rotifer for chronic test; pooled rotifer sample for omics,Six chronic biological replicates; transcriptome n=3 and metabolome n=5 per condition,"One focal rotifer per chronic replicate is implied but not explicitly stated; approximately 10,000 rotifers per omics exposure sample","Includes fragments and multigeneration exposure, but concentrations are high and shape is confounded with polymer identity","Transcriptomics; metabolomics; energy metabolism; nervous-system, transcription, translation and protein-processing pathways",Time to first egg; time to first reproduction; fecundity; lifespan; population-relevant multigeneration toxicity,No direct temporal pairing - omics used separate adults and 24-h exposures below or different from many chronic-effect conditions,"Exact EC10/EC50, three-way ANOVA and omics counts are printed; chronic arm means/SD remain figure-only",Supporting information cited but not supplied,Transcriptomes public under PRJNA1048663 and PRJNA1184382; phenotype/metabolome raw data not established,INCLUDE - strict particle-only; shape comparisons are polymer-confounded,MANUALLY VERIFIED - BATCH 016,"PP is used only for fragments and PE only for beads, so the claimed shape contrast cannot be separated from polymer. Omics and chronic life-history tests are separate experiments.",NO,YES,NO,YES,YES,YES,UC,UC,,,,,,,Chronic outcomes and 24-h omics are separate; chronic arm means are figure-only and shape is polymer-confounded.,2025,Rotifer,Marine,Waterborne,Mixed polymers,Microplastic,Multiple stages or life cycle,Single-generation or unclear,Partially reusable,2025,Rotifer,Waterborne,Mixed polymers,Microplastic
B1-057,10.1016/j.scitotenv.2024.175588,https://doi.org/10.1016/j.scitotenv.2024.175588,Impacts of polyhydroxybutyrate (PHB) microplastic exposure on physiology and metabolic profiles of Litopenaeus vannamei,Lv H; Park J; Lim HK; Abraham IJ; Yin X; Gao Y; Hur J,2024,2024,Science of the Total Environment,0057_2024_Impacts_of_polyhydroxybutyrate_(PHB)_microplastic_exposure_on_physiology_and_metabolic_profiles_of_Litope_j.scitotenv.2024.175588.pdf.pdf,Litopenaeus vannamei,Crustacean,"Juvenile/adult-sized shrimp, 12.3 +/- 0.3 g",,Separate 96-h acute waterborne test and 60-d dietary chronic test,Marine buckets for acute test and 300-L tanks for chronic feeding trial,Polyhydroxybutyrate,Microplastic,0.5-2 um,SEM diameter range 0.5-2 um,Micron-scale PHB particles; morphology shown by SEM,Commercial biodegradable PHB particles,No,Waterborne acute exposure and dietary chronic exposure,Daily complete acute renewal; 60-d feeding trial,Shrimp averaging 12.3 g,96 h acute; 60 d chronic,"0, 100, 500, 1000 mg/L acute; 0, 0.5, 1.0, 2.0 g/kg feed chronic",mg/L and g/kg feed,Yes,None intentionally,Matched clean-seawater acute control and basal-diet chronic control,100-L bucket for acute test; 300-L tank for chronic test,Three buckets/concentration acute and three tanks/diet chronic,10 shrimp/bucket acute; approximately 50 shrimp/tank chronic,Acute concentrations are extremely high; chronic dietary concentrations evaluate biodegradable-plastic feed exposure,Antioxidant and immune enzymes; gut microbiota; hepatopancreas transcriptome and metabolome,Acute mortality; final weight; specific growth rate; weight gain; survival,Yes for chronic physiology and growth; omics and microbiome were restricted to control versus 2.0 g/kg,Table 2 provides 20 exact mean-SD values with n=3; 12 clean chronic primary comparisons are calculable,Supplementary details are cited but not supplied,Available on request,INCLUDE - strict particle-only,MANUALLY VERIFIED - BATCH 016,"The paper reports no deaths up to 1000 mg/L but states LC50 >100 mg/L, an internally conservative/inconsistent threshold statement that should not replace the observed test maximum.",YES,YES,YES,YES,YES,YES,YES,NO,,,,,,,Three independent tanks per chronic group support 12 primary comparisons; other molecular data are not publicly complete.,2024,Crustacean,Marine,Mixed waterborne–dietary,Other biodegradable,Microplastic,Multiple stages or life cycle,Single-generation or unclear,Fully reusable for conventional effect size,2024,Crustacean,Mixed waterborne–dietary,Other biodegradable,Microplastic
B1-058,10.1016/j.aquatox.2024.106974,https://doi.org/10.1016/j.aquatox.2024.106974,Dietary lipid supplementation alleviated the impacts of polystyrene nanoplastic exposure in Litopenaeus vannamei,Yiming Li et al.,2024,2024,Aquatic Toxicology,0058_2024_Dietary_lipid_supplementation_alleviated_the_impacts_of_polystyrene_nanoplastic_exposure_in_Litopenaeus_v_j.aquatox.2024.106974.pdf.pdf,Litopenaeus vannamei,Crustacean,One-month-old juvenile shrimp,,Single generation; 3 x 3 nutrition-by-particle factorial,Marine/brackish aquaculture,Polystyrene,Nanoplastic,80 nm,NR in main text,Spherical suspension,Pristine commercial,NO,Waterborne NP exposure with dietary lipid manipulation,Chronic factorial exposure,After 14-d acclimation,2 months,"0, 1, 3",mg/L,YES within each lipid level,Dietary lipid level,"Matched 0 mg/L NP control at low, normal and high dietary lipid",Tank,Three tanks per factorial cell,"Text is internally inconsistent; 405 total implies 15 shrimp/tank, whereas wording can be read as 45/tank",Laboratory concentrations; nutrition modifier relevant to aquaculture,Proximate composition; hepatopancreas histology; fatty acids; lipid metabolism enzymes and genes,Survival; growth; hepatosomatic index; feed conversion,"YES, but endpoint-specific subsampling and nesting must be respected",Outcome means and SD are figure-only; no values digitized,Supplement cited but not supplied,Available on request,INCLUDE - strict particle-only factorial contrasts available,MANUALLY VERIFIED - BATCH 017,"Three tank replicates are stated, but the reported 405 total conflicts with wording about 45 shrimp in each tank. Figure captions often report n=10 or n=3 without fully mapping sampled individuals to tanks.",YES,YES,YES,YES,YES,UC,YES,NO,,,,,,,"Factorial mapping is clear, but exact biological means are figure-only and endpoint n values do not map cleanly to the three tanks.",2024,Crustacean,Brackish or estuarine,Mixed waterborne–dietary,PS,Nanoplastic,Juvenile,Single-generation,Partially reusable,2024,Crustacean,Mixed waterborne–dietary,PS,Nanoplastic
B1-059,10.1039/d3en00774j,https://doi.org/10.1039/d3en00774j,"Comparative toxicity of polystyrene, polypropylene, and polyethylene nanoplastics on Artemia franciscana nauplii: a multidimensional assessment",Marriya Sultan et al.,2024,2023,Environmental Science: Nano,0059_2024_Comparative_toxicity_of_polystyrene_polypropylene_and_polyethylene_nanoplastics_on_Artemia_franciscana_na_d3en00774j.pdf.pdf,Artemia franciscana,Crustacean,Stage-I nauplii,,Acute single-generation exposure,Artificial seawater,"Polystyrene, polypropylene and polyethylene",Nanoplastic,100 nm,DLS characterized in artificial seawater and Milli-Q water,Nominally spherical particles,Pristine; labeled and unlabeled preparations,YES for uptake/apoptosis subset; unlabeled for toxicity,Waterborne,Acute multi-polymer concentration series,24-h-starved nauplii,24-48 h,"0, 0.05, 0.1, 0.5, 1, 5, 10, 50, 100",mg/L,YES,,Artificial-seawater controls run with polymer-specific trials,Well/trial; exact hierarchy partly unclear,Three trials per polymer-concentration; mortality used 10 nauplii/well and 120 organisms per treatment/control,10 nauplii per mortality well; endpoint-specific subsets elsewhere,Mostly high acute concentrations,ROS; apoptosis; histopathology; gene expression; particle accumulation,Mortality; growth; developmental stage; morphology,YES at study level; endpoint subsets differ,"Exact zeta-potential, mortality-percent and LC50 tables; other outcomes figure-only",Electronic supplementary information cited but not supplied,NR,INCLUDE - strict particle-only,MANUALLY VERIFIED - BATCH 017,"Table 3 provides exact mortality percentages without variance. The narrative misassigns the polymer labels for the 48-h LC50 values; table values were treated as authoritative. Trial, well and organism counts are not completely reconciled.",YES,YES,YES,YES,YES,UC,UC,NO,,,,,,,"Exact mortality percentages and zeta data are available, but variance is absent for mortality and the trial-well hierarchy is incompletely described.",2023,Crustacean,Marine,Waterborne,Mixed polymers,Nanoplastic,Embryo or larva,Single-generation,Partially reusable,2023,Crustacean,Waterborne,Mixed polymers,Nanoplastic
B1-060,10.1016/j.cbpc.2024.109917,https://doi.org/10.1016/j.cbpc.2024.109917,Effects of microplastics on key reproductive and biochemical endpoints of the freshwater microcrustacean Daphnia magna,David Daniel et al.,2024,2024,Comparative Biochemistry and Physiology Part C,0060_2024_Effects_of_microplastics_on_key_reproductive_and_biochemical_endpoints_of_the_freshwater_microcrustacean_j.cbpc.2024.109917.pdf.pdf,Daphnia magna,Crustacean,Neonates and 96-h animals,,"Separate reproduction, acute-biomarker and chronic-biomarker experiments",Freshwater ASTM medium,Polyethylene terephthalate and polypropylene,Microplastic,<100 um,SEM characterized; heterogeneous fragments,Irregular fragments,Virgin commercial plastic mechanically ground,NO,Waterborne with ingestion,48-h acute and 21-d chronic/reproduction,<24 h or 96 h depending experiment,48 h and 21 d,"0, 0.5, 5",mg/L,YES,,Particle-free ASTM-medium control within each experiment,Individual 50-mL flask for reproduction; pooled recipient for biomarker assays,20 individuals/treatment reproduction; four acute recipients/treatment; chronic figure captions report n=6 but composition is unclear,1 per reproduction flask; 15 per acute recipient; chronic composition NR,Concentrations selected from literature but high relative to many field observations,CYP1A1; CYP1A2; CYP3A4; GST; CAT,First-brood offspring; total offspring,NO - reproduction and biochemical endpoints were measured in separate cohorts,Means and SE are figure-only; no digitization,Supplementary characterization figures cited but not supplied,Available on request,INCLUDE - strict particle-only evidence map; no within-cohort biomarker-apical pairing,MANUALLY VERIFIED - BATCH 017,"The reproduction assay has clear individual experimental units, but biochemical assays used separate pooled cohorts. Therefore biochemical changes cannot be paired quantitatively with reproduction at the replicate level.",NO,YES,NO,YES,YES,YES,YES,NO,,,,,,,"Reproduction has strong individual replication, but biomarker endpoints were measured in separate pooled cohorts and cannot be paired within experiment.",2024,Crustacean,Freshwater,Waterborne,Mixed polymers,Microplastic,Embryo or larva,Single-generation or unclear,Fully reusable for conventional effect size,2024,Crustacean,Waterborne,Mixed polymers,Microplastic
B1-061,10.1016/j.scitotenv.2023.168742,https://doi.org/10.1016/j.scitotenv.2023.168742,Enhanced reproductive toxicity of photodegraded polylactic acid microplastics in zebrafish,Liwen Zhang et al.,2024,2023,Science of the Total Environment,0061_2024_Enhanced_reproductive_toxicity_of_photodegraded_polylactic_acid_microplastics_in_zebrafish_j.scitotenv.2023.168742.pdf.pdf,Danio rerio,Fish,Adult females and F1 embryos/larvae,F0 females generate offspring,Parental exposure with F1 developmental assessment,Freshwater laboratory system,Polylactic acid,Microplastic,100 um starting powder,Morphology changed after photodegradation; full distribution not printed in main text,Powder/irregular after degradation,Unphotodegraded versus K2S2O8-assisted UV-visible photodegraded,NO,Waterborne parental exposure,Chronic parental exposure,Adult female,5 weeks,0 and 5,mg/L,YES for UPLA and DPLA versus control,"Photodegradation treatment is a particle modifier, not a concurrent co-stressor","Particle-free control, UPLA and DPLA groups",Exposure vessel not clearly reported,36 females divided equally among three groups; independent tank replication NR,12 females/group nominally; vessel allocation NR,Accelerated photodegradation and high test concentration,Ovarian histology; sex hormones; metabolomics; oxidative-stress-related pathways,GSI; spawning; embryo mortality; hatching; heart rate; larval body length,"YES across parental treatment, but offspring subsamples and parental tank independence are unclear",Exact zeta-potential values; biological outcomes figure-only,Supplement cited but not supplied,Available on request,INCLUDE - strict particle-only; aging contrast retained with catalyst-residue caveat,MANUALLY VERIFIED - BATCH 017,"Independent parental exposure vessels are not reported. No photodegradation-catalyst control is described, so DPLA-specific effects cannot be separated fully from possible residual preparation chemistry.",YES,YES,YES,YES,YES,UC,UC,NO,,,,,,,"Treatment mapping and timing are clear, but independent parental exposure-vessel replication is not reported and outcome values are figure-only.",2023,Fish,Freshwater,Waterborne,PLA,Microplastic,Multiple stages or life cycle,Inter- or multigenerational,Partially reusable,2023,Fish,Waterborne,PLA,Microplastic
B1-063,10.1016/j.scitotenv.2024.176043,https://doi.org/10.1016/j.scitotenv.2024.176043,Melatonin prevents the transgenerational toxicity of nanoplastics in zebrafish (Danio rerio),Min Zeng et al.,2024,2024,Science of the Total Environment,0063_2024_Melatonin_prevents_the_transgenerational_toxicity_of_nanoplastics_in_zebrafish_(Danio_rerio)_j.scitotenv.2024.176043.pdf.pdf,Danio rerio,Fish,Adult F0 and F1 embryos/larvae,F0 parents generate F1,Parental exposure with F1 developmental and biomarker assessment,Freshwater laboratory aquaria,Polystyrene,Nanoplastic,80 nm,NR in main text,Spherical suspension,Pristine commercial,NO,Waterborne parental exposure,14-d parental exposure followed by clean-water F1 assessment,Approximately 4-month-old adults,14 d parental; F1 through 96 hpf/120 hpf depending endpoint,"0, 0.1, 1 with or without 1 uM melatonin",mg/L PSNP,YES at 0.1 and 1 mg/L without melatonin,Melatonin intervention,Particle-free control plus PSNP-only and PSNP+melatonin groups; no melatonin-only or DMSO vehicle control,F1 beaker nominally; independence from parental aquarium is unclear,Six F1 beakers/group with 30 embryos/beaker; number of F0 aquaria/pairs NR,30 embryos per F1 beaker,Laboratory parental exposure; intervention study,GH-IGF signaling; ROS; antioxidant capacity; immune signaling; apoptosis,Fertilization; survival; malformation; hatching; body length,"YES within F1 cohort, but pooled larvae and parental-cluster dependence are unresolved",Figure-only mean and SEM; no digitization,Supplementary primer table cited but not supplied,Available on request,INCLUDE - strict PSNP-only arms; melatonin arms secondary mitigation evidence,MANUALLY VERIFIED - BATCH 017,"F0 sample size, sex ratio and aquarium replication are unreported. F1 beaker replicates may be nested within a small or single parental exposure unit. DMSO was used for melatonin stock without a stated vehicle control.",YES,YES,YES,YES,YES,UC,UC,NO,,,,,,,"F1 beaker replication is reported, but parental exposure replication and nesting are unclear; no MT-only or DMSO vehicle control is shown.",2024,Fish,Freshwater,Waterborne,PS,Nanoplastic,Multiple stages or life cycle,Inter- or multigenerational,Partially reusable,2024,Fish,Waterborne,PS,Nanoplastic
B1-064,10.1002/tqem.22179,https://doi.org/10.1002/tqem.22179,"Growth performance, hematological and oxidative stress responses in Nile tilapia (Oreochromis niloticus) exposed to polypropylene microplastics",Haritha Thulaseedharan Nair; Siddhuraju Perumal,2024,2024,Environmental Quality Management,0064_2024_Growth_performance_hematological_and_oxidative_stress_responses_in_Nile_tilapia_(Oreochromis_niloticus)_e_tqem.22179.pdf.pdf,Oreochromis niloticus,Fish,Juvenile fingerlings,,Single-generation chronic,Freshwater,Polypropylene,Microplastic,0.2-1 mm,Sieved range only,Irregular cryoground fragments,"Virgin commercial PP beads, cryogenic grinding",NO,Dietary,PP incorporated into commercial feed; 4 rations/day; partial water change every other day,12-15 g juvenile,7 weeks,"0, 1.5, 3.0, 4.5",g PP/kg feed,YES,,Particle-free commercial feed,Tank,3 tanks/treatment; table captions also state triplicate determinations and n=8,8 fish/tank,Laboratory dietary concentrations based on a prior field survey,Internal dose; hematology; serum biochemistry; oxidative stress; liver injury; neurotoxicity,Survival; growth; feed efficiency; somatic indices; whole-body composition,YES,Five exact mean-SD tables; brain antioxidant outcomes remain graphical,No separate supplement identified,"Article states all data are included, but replicate-level raw data are not supplied",INCLUDE - strict particle-only; quantitative n remains ambiguous,MANUALLY VERIFIED - BATCH 018,"Three tanks per treatment are explicit, but Exhibit 2 states both triplicate determinations and n=8; independent n underlying table SDs is not unambiguously reported.",YES,YES,YES,YES,YES,UC,YES,NO,,,,,,,"Extensive exact tables are available, but the caption combines triplicate determinations with n=8, so independent n underlying the SDs is unresolved.",2024,Fish,Freshwater,Dietary,PP,Microplastic,Juvenile,Single-generation,Partially reusable,2024,Fish,Dietary,PP,Microplastic
B1-065,10.1111/jwas.13046,https://doi.org/10.1111/jwas.13046,"Assessing the impact of dietary polystyrene nanoplastics on growth performance, immunological parameters, and antioxidant defense in zebrafish (Danio rerio)",Ehsan Ahmadifar et al.,2024,2024,Journal of the World Aquaculture Society,0065_2024_Assessing_the_impact_of_dietary_polystyrene_nanoplastics_on_growth_performance_immunological_parameters_a_jwas.13046.pdf.pdf,Danio rerio,Fish,Adult/juvenile laboratory zebrafish,,Single-generation chronic,Freshwater,Polystyrene,Nanoplastic claimed; exact size not stated in main article,NR in main article,Supplementary SEM image cited,Synthesized particles; morphology NR in text,"Laboratory-synthesized, rhodamine-B labelled",YES,Dietary,"PS-NP mixed into isonitrogenous, isolipidic pellets",After 2-week acclimation,30 days,"0, 100, 500, 1000",mg/kg diet,YES,,Particle-free matched diet,Tank,3 tanks/treatment,20 fish/tank,High dietary concentrations; synthesized particle chemistry may differ from environmental NP,Antioxidant enzymes; lipid peroxidation; innate immunity; cortisol; glucose; inflammatory and antioxidant genes,Growth; survival; feed conversion,YES,Table 2 gives exact means and SE; biomarker and gene outcomes are figure-only,Figure S1 cited but not supplied,Available from corresponding author on request,INCLUDE - strict particle-only with synthesis-residue caveat,MANUALLY VERIFIED - BATCH 018,"Particle size is absent from the main text, and synthesis uses styrene, divinylbenzene, SDS, potassium persulfate, rhodamine B and THF without a fully described purification blank.",YES,YES,YES,YES,YES,YES,YES,NO,,,,,,,"Three replicate tanks are stated and means with SE are reported, but raw data and the supplementary particle-size evidence are not public.",2024,Fish,Freshwater,Dietary,PS,Nanoplastic,Multiple stages or life cycle,Single-generation,Fully reusable for conventional effect size,2024,Fish,Dietary,PS,Nanoplastic
B1-066,10.1016/j.scitotenv.2023.167170,https://doi.org/10.1016/j.scitotenv.2023.167170,"Transgenerational effects of microplastics on Nrf2 signaling, GH/IGF, and HPI axis in marine medaka Oryzias melastigma under different salinities",Xiaolin Zhang et al.,2024,2023,Science of the Total Environment,0066_2024_Transgenerational_effects_of_microplastics_on_Nrf2_signaling_GH_IGF_and_HPI_axis_in_marine_medaka_Oryzias_j.scitotenv.2023.167170.pdf.pdf,Oryzias melastigma,Fish,"F1 embryo-larva, F1 adult, and unexposed F2 larva",F0 provides eggs only,Multigeneration with F1 exposure and F2 lineage follow-up,Brackish/marine; 5 and 25 per mille salinity,Polystyrene,Microplastic,5.0 µm,Characterization referenced to prior studies,Likely spherical bead; not re-described,Pristine/previously characterized,NO,Waterborne,"Daily-renewal larval exposure, followed by clean-water recovery and breeding",0 dph F1,0-25 dph exposure; F1 to 120 dph; F2 to 25 dph,0 and 180,µg/L,YES,Salinity,Matched non-particle control within each salinity,Tank,"Methods state 3 tanks per control/exposure set at each salinity, but also state 18 tanks total",100 larvae/tank at start,Salinity-preacclimated design improves modifier interpretation,Oxidative stress; antioxidant capacity; cortisol; Nrf2 signaling; GH/IGF signaling; HPI signaling,F1 larval growth; F1 adult growth; F2 larval growth,YES,All biological means and SEM are figure-only; no values digitized,Supplementary qPCR details cited but not supplied,Data statement incorrectly says no data were used; no raw dataset identified,INCLUDE - strict particle-only salinity-factorial and transgenerational evidence,MANUALLY VERIFIED - BATCH 018,"The described 2 salinities x 2 particle conditions x 3 tanks imply 12 tanks, conflicting with the stated total of 18; F2 lineage-to-tank replication is also incompletely reported.",YES,YES,YES,YES,YES,UC,YES,NO,,,,,,,"Matched salinity-specific controls and tank pooling are described, but the stated total of 18 tanks conflicts with the 12 tanks implied by the factorial layout.",2023,Fish,Brackish or estuarine,Waterborne,PS,Microplastic,Multiple stages or life cycle,Inter- or multigenerational,Partially reusable,2023,Fish,Waterborne,PS,Microplastic
B1-067,10.1016/j.scitotenv.2023.168904,https://doi.org/10.1016/j.scitotenv.2023.168904,Polystyrene nanoplastics exposure alters muscle amino acid composition and nutritional quality of Pacific whiteleg shrimp (Litopenaeus vannamei),Yiming Li et al.,2024,2023,Science of the Total Environment,0067_2024_Polystyrene_nanoplastics_exposure_alters_muscle_amino_acid_composition_and_nutritional_quality_of_Pacific_j.scitotenv.2023.168904.pdf.pdf,Litopenaeus vannamei,Crustacean,Juvenile shrimp,,Single-generation chronic,Brackish aquaculture water,Polystyrene,Nanoplastic,80 nm,Supplementary DLS/TEM cited,Likely spherical commercial suspension,Pristine commercial PS NP,NO,Waterborne,Complete water renewal every 2 days,1.94 ± 0.28 g juvenile,28 days,"0, 0.1, 1, 5, 10",mg/L,YES,,Matched particle-free water,Tank,"15 tanks for five treatments, implying 3 tanks/treatment; endpoint captions vary",25 shrimp/tank by total allocation; ten shrimp/treatment used for several growth metrics,Laboratory waterborne concentrations exceed most environmental estimates,Antioxidant enzymes; muscle histology; muscle proximate composition; amino acids; flesh texture; growth-related gene expression,Survival; growth; feed and protein efficiency; nutritional quality,YES,Outcomes are mainly figure-only; exact amino-acid values are in missing Table S1,Supplementary characterization and Table S1 cited but not supplied,Available on request,INCLUDE - strict particle-only,MANUALLY VERIFIED - BATCH 018,"The allocation implies 25 shrimp/tank, but growth captions report n=3 for survival and n=10 for SGR/FCR/PER; the relation of sampled shrimp to the three tanks is unclear.",YES,YES,YES,YES,YES,UC,YES,NO,,,,,,,"Fifteen tanks imply three tanks per treatment, but endpoint n values of 3, 5, 6 and 10 do not consistently map to the tank hierarchy.",2023,Crustacean,Brackish or estuarine,Waterborne,PS,Nanoplastic,Juvenile,Single-generation,Partially reusable,2023,Crustacean,Waterborne,PS,Nanoplastic
B1-068,10.1016/j.scitotenv.2024.172354,https://doi.org/10.1016/j.scitotenv.2024.172354,Behavioral toxicity and neurotoxic mechanisms of PLA-PBAT biodegradable microplastics in zebrafish,Deyong Zhang; Xiaolu Xu; Yin Lu; Liang Guo,2024,2024,Science of the Total Environment,0068_2024_Behavioral_toxicity_and_neurotoxic_mechanisms_of_PLA-PBAT_biodegradable_microplastics_in_zebrafish_j.scitotenv.2024.172354.pdf.pdf,Danio rerio,Fish,Three-month-old male zebrafish,,Acute and sub-chronic single generation,Freshwater,"PLA and PBAT mixture, 1:1",Microplastic mixture,PLA about 50 µm; PBAT about 100 µm,Nominal approximate size,Commercial powder/particles,Pristine commercial PLA and PBAT,NO,Waterborne,Acute 96 h and daily-renewal 21 d sub-chronic exposure,Three-month-old males,96 h acute; 21 d sub-chronic; 16 d validation,Acute 0-32; sub-chronic 0-16,mg/L total PLA-PBAT,YES - mixed plastic particles,,Particle-free water,Treatment group/tank; replicate tanks not reported,One group of 18 fish per dose appears to have been used,18 fish/group,Biodegradable mixed-polymer exposure; no single-polymer arms,Brain transcriptomics; cytokine signaling; LEP expression,Mortality; growth; organ coefficient; swimming; shoaling; anxiety; avoidance,YES,Table 3 and text provide exact arm values; RNA-seq summary tables are exact,No supplementary file supplied,Available on request; no accession number reported,INCLUDE - strict mixed-particle exposure; polymer contributions inseparable,MANUALLY VERIFIED - BATCH 018,"No replicate tanks are reported, behavioral SDs appear to reflect repeated measurements of a single group, and one pooled brain library per group precludes replicated transcriptomic inference.",YES,YES,YES,YES,YES,NO,NO,NO,,,,,,,"Exact group-level values are abundant, but no replicate tanks are reported and brain RNA-seq uses a single pooled sample per group.",2024,Fish,Freshwater,Waterborne,Mixed polymers,Microplastic,Other or unclear,Single-generation,Partially reusable,2024,Fish,Waterborne,Mixed polymers,Microplastic
B1-069,10.1007/s00343-024-4066-0,https://doi.org/10.1007/s00343-024-4066-0,Size-dependent toxicity of microplastics induced gut cell apoptosis in brine shrimp Artemia parthenogenetica through p53 signaling pathway,Junfang Wang; Zhichao Yan; Yulong Lu; Wei Xie; Liying Sui,2025,2024,Journal of Oceanology and Limnology,0069_2025_Wang_Size-dependent_toxicity_of_microplastics_induced_gut_cell_apoptosis_in_brin_s00343-024-4066-0.pdf,Artemia parthenogenetica,Crustacean,"Robust brine shrimp, mean length about 7.5 mm",,Single generation; separate survival and mechanistic cohorts,Marine; seawater salinity 35,Polystyrene,Microbeads/nanoplastics,"0.05, 0.5 and 5 µm",0.05 µm: 64.8 nm in Milli-Q and 1744.3 nm in seawater; 0.5 µm: 553.7 and 929.1 nm,Spherical microbeads; aggregation in seawater for submicron sizes,Pristine,NR,Waterborne; filter feeding/ingestion,Static acute exposure,Robust animals about 7.5 mm,48 h,"Survival: 0, 10, 25, 50, 75, 100 mg/L; mechanistic endpoints: 0 and 1 mg/L",mg/L,YES,,Particle-free seawater control within each size experiment,Conical tube for survival; biological sample for gut assays,"Survival: 3; mechanistic assays: at least 3, composition incompletely reported",Survival: UC from 90 individuals/group; MMP: 10 guts pooled/sample,High nominal concentrations; strong aggregation at salinity 35,Oxidative stress; mitochondrial membrane potential; apoptosis gene expression; gut histopathology,Survival,NO - survival and biomarkers use non-overlapping nonzero concentrations,Exact particle-characterization table; biological outcomes primarily figure-only,Supplementary Tables S1-S2 and Fig. S1 referenced; not supplied,Available on request,EXCLUDE - biomarker and survival cohorts lack a matched nonzero concentration,Manually verified - Batch 019,"The apical dose series begins at 10 mg/L, whereas all mechanistic endpoints were measured at 1 mg/L; no treatment arm links biomarker and survival responses.",NO,YES,YES,YES,YES,UC,UC,NO,,,,,,,"Survival and mechanistic assays use separate, non-overlapping concentration regimes; biological replicate composition remains incomplete.",2024,Crustacean,Marine,Mixed waterborne–dietary,PS,Nano–micro mixed or boundary,Other or unclear,Single-generation,Partially reusable,2024,Crustacean,Mixed waterborne–dietary,PS,Nano–micro mixed or boundary
B1-070,10.1016/j.scitotenv.2024.172795,https://doi.org/10.1016/j.scitotenv.2024.172795,Polystyrene nanoplastics cause reproductive toxicity in zebrafish: PPAR mediated lipid metabolism disorder,Yi Zheng et al.,2024,2024,Science of the Total Environment,0070_2024_Polystyrene_nanoplastics_cause_reproductive_toxicity_in_zebrafish_PPAR_mediated_lipid_metabolism_disorder_j.scitotenv.2024.172795.pdf.pdf,Danio rerio,Fish,Three-month-old adults and F1 embryos/larvae,Directly exposed breeders,F0 adult exposure followed by F1 developmental assessment,Freshwater laboratory,Polystyrene,Nanoplastics,"80, 200 and 500 nm",Characterized in prior publications; not repeated in main article,Spherical,"Pristine, unlabeled",NO,Waterborne,Semi-static; renewed every 5 d with aeration/stirring,"F0 adults, 3 months old",30 d,0 and 0.5 mg/L for each particle size,mg/L,YES,,"Particle-free control plus PS80, PS200 and PS500; six tanks/group",Exposure tank for F0; spawning pair/tank lineage for F1,Six replicate exposure tanks/group; endpoint-specific subsampling; RNA-seq 4/group planned,"6 adults/tank, 3 male and 3 female",Authors classify 0.5 mg/L as environmentally relevant; one concentration only,Inflammation; oxidative stress; gonad histology; transcriptomics; metabolomics; lipid metabolism,Egg production; fertilization; sperm motility; embryonic heart rate; hatching; malformation,YES - F0 reproductive and mechanistic endpoints share exposure groups,Figure-based group means; exact omics counts and p-value summaries in text,Supplementary information referenced; not supplied,Confidential according to data-availability statement,INCLUDE - strict particle-only size-factorial reproductive study,Manually verified - Batch 019,"Strong six-tank exposure design, but many offspring n values are subsamples nested within parental exposure tanks and one control RNA-seq sample was excluded post hoc.",YES,YES,YES,YES,YES,UC,YES,NO,,,,,,,"Six replicate tanks per group are clear, but offspring and some adult endpoint n values are nested subsamples and one RNA-seq control was removed.",2024,Fish,Freshwater,Waterborne,PS,Nanoplastic,Multiple stages or life cycle,Inter- or multigenerational,Partially reusable,2024,Fish,Waterborne,PS,Nanoplastic
B1-071,10.1016/j.scitotenv.2023.169287,https://doi.org/10.1016/j.scitotenv.2023.169287,Microplastics from agricultural mulch films: Biodegradation and ecotoxicity in freshwater systems,Diogo A. Ferreira-Filipe et al.,2024,2023,Science of the Total Environment,0071_2024_Microplastics_from_agricultural_mulch_films_Biodegradation_and_ecotoxicity_in_freshwater_systems_j.scitotenv.2023.169287.pdf.pdf,Chironomus riparius,Aquatic insect,Fourth instar for 48-h biomarkers; first instar for 28-d apical assay,Emergent imagoes assessed,Separate short-term and life-cycle cohorts,Freshwater sediment-water system,Mater-Bi bio-based biodegradable mulch formulation,Microplastic fragments/fibres,<0.125 mm for ecotoxicity,Sieved fraction; individual distribution not reported,"Irregular fragments, many fibres after ingestion",Pristine and 21-d UV-C aged,NO,Sediment-associated ingestion,48-h static biomarker test and 28-d life-cycle test,Fourth instar or <48 h post-hatch,48 h or 28 d,"Short term: 0, 2, 20, 200 mg/kg sediment; long term: 0, 31, 63, 125, 250 mg/kg",mg/kg dry sediment,YES,UV aging as particle-state modifier,Particle-free controls within short- and long-term experiments,Glass vial,"Short term: 7 vials/treatment, 5 used for biomarkers; long term: 10 vials/treatment split 5/5 at day 10",15 larvae/vial short term; 5 larvae/vial long term,Sediment exposure and weathered bio-MP scenario; concentrations remain high,Energy metabolism; lipid peroxidation; CAT; GST; AChE; ingestion,Larval survival and growth; adult emergence; sex ratio,"NO - cohorts differ in stage, duration, concentration grid and particle-state scope",Exact ingestion table and exact test statistics; main response means are figure-only,Supplementary information referenced; not supplied,Available on request,"EXCLUDE - no matched biomarker-apical duration, stage and concentration stratum",Manually verified - Batch 019,The 48-h biomarker assay and 28-d apical assay are distinct experiments; they cannot support within-study biomarker-to-fitness translation.,NO,YES,NO,YES,YES,YES,YES,NO,,,,,,,"Biomarkers and life-history outcomes come from different stages, durations, concentration grids and particle-state designs.",2023,Aquatic insect,Freshwater,Sediment-associated,Other biodegradable,Microplastic,Other or unclear,Single-generation or unclear,Fully reusable for conventional effect size,2023,Aquatic insect,Sediment-associated,Other biodegradable,Microplastic
B1-072,10.1002/tqem.22330,https://doi.org/10.1002/tqem.22330,"Effect of Microplastic Exposure to the Reproductive Energy and Fecundity of Female Wami Tilapia (Oreochromis urolepis, Norman 1922) Fish",John J. Mbugani; Daniel A. Shilla; Wahabu Kimaro; Dativa Joseph Shilla; Farhan R. Khan,2024,2024,Environmental Quality Management,0072_2024_Effect_of_Microplastic_Exposure_to_the_Reproductive_Energy_and_Fecundity_of_Female_Wami_Tilapia_(Oreochro_tqem.22330.pdf.pdf,Oreochromis urolepis,Fish,Fry through sexually mature adult,Directly exposed reproductive females,"Single generation, seven-month exposure",Freshwater aquaria,Polyethylene,Fluorescent microspheres,38-45 µm,NR beyond supplier range,Spherical,Pristine,YES,Waterborne,Repeated semi-static exposure; 80% renewal every 2 d and full cleaning weekly,Five-day post-hatch fry,7 months,"0, 1, 10, 100 particles/mL",particles/mL,YES,0.01% Tween 80 used in particle suspension; vehicle matching unclear,"Particle-free control and three PE-MP concentrations, each in triplicate aquaria",Aquarium,3 aquaria/treatment,20 initially; reduced after 2 months to 4 fish/aquarium at 3 females:1 male,Long duration and particle-number dosing; high upper concentration,Liver and intestinal histopathology; condition factor and HSI as energetic proxies,Fecundity; relative fecundity; GSI; oocyte packing density,YES - health proxies and reproductive outcomes measured in the same long-term exposure experiment,"Exact exposure-media/feces measurements, correlations and regression models; endpoint means remain figure-only",No separate supplement required for reported tables; figures contain main group means,Available on reasonable request,INCLUDE - strict long-term particle-only reproductive study with vehicle-control caveat,Manually verified - Batch 019,"Final females are nested within three aquaria per treatment, but many analyses use individual fish as n; tank-level dependence is not modeled.",YES,YES,YES,YES,YES,UC,YES,NO,,,,,,,"Three aquaria per treatment are reported, but final analyses use 6-8 individual females per group without accounting for aquarium clustering; Tween vehicle matching is unclear.",2024,Fish,Freshwater,Waterborne,PE family,Microplastic,Adult,Single-generation,Partially reusable,2024,Fish,Waterborne,PE family,Microplastic
B1-073,10.1016/j.scitotenv.2024.174541,https://doi.org/10.1016/j.scitotenv.2024.174541,Behavioral impairments and disrupted mitochondrial energy metabolism induced by polypropylene microplastics in zebrafish larvae,Jianghuan Hua et al.,2024,2024,Science of the Total Environment,0073_2024_Behavioral_impairments_and_disrupted_mitochondrial_energy_metabolism_induced_by_polypropylene_microplasti_j.scitotenv.2024.174541.pdf.pdf,Danio rerio,Fish,Embryo to 120-hpf larva,Parents used only to produce embryos,Single developmental cohort,Freshwater embryo medium,Polypropylene,Microplastic fragments,5 µm,6.30 ± 0.14 µm,Irregular fragments,"Pristine, supplier-reported additive-free",NO,Waterborne,Daily-renewed developmental exposure with BSA dispersant,2 hpf,"118 h, ending at 120 hpf","0, 0.08, 0.4, 2, 10, 50 mg/L",mg/L,YES,0.0001% BSA in all groups,BSA-matched particle-free control; three dishes/group,Petri dish,3 dishes/treatment; several assays use nested pooled or individual subsamples,250 embryos/dish,Includes 0.08 mg/L as environmentally relevant; upper doses much higher,Transcriptomics; glucose metabolism; mitochondrial function; oxidative stress; qPCR; ultrastructure,Hatching; survival; malformation; heart rate; growth; spontaneous movement and locomotion,"YES - developmental, behavioral and molecular outcomes share exposure groups and endpoint time",Exact particle size and transcriptomic counts; biological means are figure-only,Tables S1-S4 and Fig. S1-S2 referenced; not supplied,Available on request,INCLUDE - strict particle-only developmental study,Manually verified - Batch 019,"Independent exposure replication is three dishes. qPCR reports n=6 from two pooled samples per dish, which are nested technical/subsamples rather than six independent exposure units.",YES,YES,YES,YES,YES,UC,YES,NO,,,,,,,Three dishes are independent exposure units; reported n=6 qPCR comprises two pooled samples per dish and should not be treated as six independent exposure replicates.,2024,Fish,Freshwater,Waterborne,PP,Microplastic,Embryo or larva,Single-generation or unclear,Partially reusable,2024,Fish,Waterborne,PP,Microplastic
B1-074,10.1016/j.cbpb.2024.110982,https://doi.org/10.1016/j.cbpb.2024.110982,"Impact of sub-chronic polystyrene nanoplastics exposure on hematology, histology, and endoplasmic reticulum stress-related protein expression in Nile tilapia (Oreochromis niloticus)",Vadavanath Prabhakaran Vineetha; Kummari Suresh; Devika Pillai,2024,2024,Comparative Biochemistry and Physiology Part B,0074_2024_Impact_of_sub-chronic_polystyrene_nanoplastics_exposure_on_hematology_histology_and_endoplasmic_reticulum_j.cbpb.2024.110982.pdf.pdf,Oreochromis niloticus,Fish,Juvenile,Not applicable,Single-generation sub-chronic exposure,Freshwater aquaria,Polystyrene,Nanoplastics,100 nm,Approximately 100 nm by FESEM,Spherical,Pristine commercial suspension,NO,Waterborne,Semi-static; two-thirds renewal every 48 h,"Juvenile, 12 ± 1 g",14 d,"0, 0.1, 1, 10 mg/L",mg/L,YES,,"Particle-free control and three PS-NP concentrations, each in three tanks",Aquarium tank,3 tanks/group; six fish/tank pooled for blood and tissue assays,12 fish/tank,0.1 mg/L described as environmentally relevant; higher doses sublethal,Hematology; multi-organ histopathology; ER-stress and apoptosis gene/protein expression,Growth; survival; clinical behavior,YES - growth and mechanistic endpoints share the same tank exposure design,Exact growth and hematology means with SEM; molecular means are figure-only,Supplementary data referenced; not supplied,Available on request,INCLUDE - strict particle-only sub-chronic study,Manually verified - Batch 020,"Tank replication is clear, but Tables 2-3 report SEM while the general statistics section states SD; SD was not back-calculated.",YES,YES,YES,YES,YES,YES,YES,NO,,,,,,,Tables report SEM rather than SD; public raw data are unavailable. Table-specific error labels conflict with the general SD statement.,2024,Fish,Freshwater,Waterborne,PS,Nanoplastic,Juvenile,Single-generation,Fully reusable for conventional effect size,2024,Fish,Waterborne,PS,Nanoplastic
B1-076,10.3390/fishes9100385,https://doi.org/10.3390/fishes9100385,"Effect of Polystyrene Microplastic Exposure on Individual, Tissue, and Gene Expression in Juvenile Crucian Carp (Carassius auratus)",Yuequn Huang; Wenjing Li; Kun Dong; Xiangtong Li; Wenrong Li; Dunqiu Wang,2024,2024,Fishes,0076_2024_Effect_of_Polystyrene_Microplastic_Exposure_on_Individual_Tissue_and_Gene_Expression_in_Juvenile_Crucian_fishes9100385.pdf.pdf,Carassius auratus,Fish,Juvenile,Not applicable,Single-generation exposure,Freshwater aquaria,Polystyrene,Microplastic fragments,50-500 µm,50-520 µm; d10 <64 µm and d90 <352 µm,Irregular fragments,Secondary fragments produced from foam lunch boxes,NO,Waterborne,Daily complete water replacement with renewed particles,"Juvenile, 0.80 ± 0.26 g",32 d,"0, 200, 800, 3200 µg/L",µg/L,YES,,"Particle-free control and three concentrations, four tanks/group",Aquarium tank,"4 tanks/group, but endpoint subsamples of 6-10 fish/group were analyzed without tank allocation being reported",12 fish/tank,Irregular secondary fragments; upper concentration high,"Tissue microplastic burden; multi-organ histopathology; immune, endocrine and detoxification gene expression",Body length; body weight; condition/growth factor,YES at study level; endpoint subsamples were distinct and nested within tanks,Exact table means without variance for tissue burden and growth; gene-expression means are figure-only,No separate supplement needed for main endpoints,Available from authors on inquiry,INCLUDE - strict particle-only multi-level study,Manually verified - Batch 020,"Four exposure tanks/group are reported, but sampled fish are treated as group-level n and tank-stratified endpoint data are not supplied.",YES,YES,YES,YES,YES,UC,YES,NO,,,,,,,"Exposure tanks are reported, but endpoint sample allocation across tanks and tank-level variance are not provided.",2024,Fish,Freshwater,Waterborne,PS,Microplastic,Juvenile,Single-generation,Partially reusable,2024,Fish,Waterborne,PS,Microplastic
B1-078,10.1371/journal.pone.0314191,https://doi.org/10.1371/journal.pone.0314191,Trophic transfer and bioaccumulation of nanoplastics in Coryphaena hippurus (mahi-mahi) and effect of depuration,Preyojon Dey; Terence M. Bradley; Alicia Boymelgreen,2024,2024,PLOS ONE,0078_2024_Trophic_transfer_and_bioaccumulation_of_nanoplastics_in_Coryphaena_hippurus_(mahi-mahi)_and_effect_of_dep_journal.pone.0314191.pdf.pdf,Coryphaena hippurus,Fish,Larva,Not applicable,Single larval cohort with exposure and depuration strata,Marine,Polystyrene,Nanoplastics,300 nm,SEM 297.04 ± 18.03 nm; DLS 287.24 ± 1.82 nm,Spherical,Pristine commercial fluorescent particles,TRITC,Trophic transfer through rotifers,"Rotifers exposed for 3 h, then fed to larvae for 24-96 h; selected groups depurated 24-72 h",Mahi-mahi larvae,24-96 h exposure plus 24-72 h depuration,Rotifers exposed to 10 mg/L; larvae fed approximately 300 rotifers each,mg/L at prey-loading stage,YES - via exposed prey,TRITC fluorescent label,Control larvae fed non-exposed rotifers at corresponding time points,Exposure container; replicate containers not reported,At least five larvae sampled/time point; no independent container replication reported,100 larvae/L,"Trophic-transfer route is realistic, but prey-loading concentration is high",Internal fluorescence burden; biodistribution; intestinal histopathology,Body length; eye diameter; survival limitation,"YES at study level, with unreplicated exposure-container caveat",Exact particle characterization and directional biological results; biological group values are figure-only,All relevant data claimed within manuscript,No machine-readable individual-level data despite within-manuscript statement,INCLUDE - strict trophic-transfer particle study; dependence-limited,Manually verified - Batch 020,Sampled larvae are subsamples of apparently single exposure containers. Mortality after 72-96 h is mentioned without counts or replicate structure.,YES,YES,YES,YES,YES,NO,NO,NO,,,,,,,"At least five larvae were sampled, but independent exposure-container replication is not reported and raw numeric data are absent.",2024,Fish,Marine,Trophic transfer,PS,Nanoplastic,Embryo or larva,Single-generation or unclear,Partially reusable,2024,Fish,Trophic transfer,PS,Nanoplastic
B1-079,10.1016/j.aqrep.2024.102299,https://doi.org/10.1016/j.aqrep.2024.102299,"Microplastics accumulation in gut and revealing their impacts on nutritional quality and health of freshwater carp, Catla catla",Eram Rashid; Syed Makhdoom Hussain; Shafaqat Ali; Pallab K. Sarker; Khalid A. Al-Ghanim,2024,2024,Aquaculture Reports,0079_2024_Microplastics_accumulation_in_gut_and_revealing_their_impacts_on_nutritional_quality_and_health_of_freshw_j.aqrep.2024.102299.pdf.pdf,Catla catla,Fish,Fingerling,Not applicable,Single-generation feeding trial,Freshwater aquaculture tanks,Polylactic acid,Microplastics,69 µm mean size,69 µm mean; distribution not reported,Scrubby white particles; exact morphology NR,Pristine biodegradable PLA,NO,Dietary,Twice-daily feeding at 5% wet body mass,Fingerling,90 d,"0, 0.5, 1, 1.5, 2, 2.5% in diet",% diet,YES,Diet formulation changed wheat-flour proportion as MP inclusion increased,Six diets with three tanks/diet,Tank,3 tanks/group; three fish/tank sampled for body composition and hematology,15 fish/tank,Very high dietary inclusion levels,Body composition; nutrient digestibility; hematology; gut histopathology; mineral status,Growth and feed utilization,YES - tank-level growth and physiological endpoints share the 90-d trial,Extensive exact mean-SD tables; withheld from primary synthesis pending cross-report provenance review,No supplement required for printed tables,Available on request,INCLUDE - strict particle-only feeding study with high-priority provenance caveat,Manually verified - Batch 020,"Design, authorship, diet structure, particle size and endpoint suite closely parallel retracted B1-077. This is not proof of duplication, but independent-trial provenance must be verified before quantitative use.",YES,YES,YES,YES,YES,YES,YES,NO,,,,,,,"Extensive tank-replicate tables are reported, but primary use is withheld pending provenance/independence review against retracted B1-077.",2024,Fish,Freshwater,Dietary,PLA,Microplastic,Juvenile,Single-generation,Fully reusable for conventional effect size,2024,Fish,Dietary,PLA,Microplastic
B1-080,10.1021/acs.est.3c02144,https://doi.org/10.1021/acs.est.3c02144,Differentially Charged Nanoplastics Induce Distinct Effects on the Growth and Gut of Benthic Insects (Chironomus kiinensis) via Charge-Specific Accumulation and Perturbation of the Gut Microbiota,Jie Zhang; Chuanxin Ma; Xinghui Xia; Yao Li; Xiaohan Lin; Yidi Zhang; Zhifeng Yang,2023,2023,Environmental Science & Technology,0080_2023_Differentially_Charged_Nanoplastics_Induce_Distinct_Effects_on_the_Growth_and_Gut_of_Benthic_Insects_(Chi_acs.est.3c02144.pdf.pdf,Chironomus kiinensis,Aquatic insect,First-instar larva,Not applicable,Single-generation larval exposure,Freshwater sediment-water system,Polystyrene,Nanoplastics,50 nm,Exposure solution: PS-COOH 210.7 ± 30.9 nm; PS-NH2 118.9 ± 15.2 nm,Spherical,Carboxylated negative and aminated positive surface,Fluorescent and unlabeled preparations,Sediment ingestion,Sediment-spiked subchronic test,First instar,10 d,"0, 0.1, 1 g/kg dry sediment",g/kg dry sediment,YES,,Particle-free control plus four charge-by-concentration arms,Beaker,3 beakers/treatment,10 larvae/beaker for accumulation test; biomarker pooling description states 50 guts/treatment,Authors describe 0.1 and 1 g/kg as environmentally relevant; upper level is high,Oxidative stress; gut inflammation; histopathology; microbiome; accumulation,Growth,YES - growth and gut endpoints after 10 d in matched treatment groups,Exact text percentages and selected exact values; most group means are figure-only,Supporting information referenced but not supplied,Not reported,INCLUDE - strict particle-only charge-factorial study,Manually verified - Batch 021 restoration,"Independent beaker replication is clear, but the reported pool of 50 guts/treatment is inconsistent with 10 larvae × 3 beakers and requires clarification.",YES,YES,YES,PARTIAL,PARTIAL,UC,YES,NO,,,,,,,"Matched 10-d groups are clear, but most values are figure-only and pooled-gut replication is inconsistent.",2023,Aquatic insect,Freshwater,Sediment-associated,PS,Nanoplastic,Embryo or larva,Single-generation,Directional or nonstandard evidence only,2023,Aquatic insect,Sediment-associated,PS,Nanoplastic
B1-081,10.1016/j.scitotenv.2023.161576,https://doi.org/10.1016/j.scitotenv.2023.161576,Nanoplastics affect the growth of sea urchins (Strongylocentrotus intermedius) and damage gut health,Fanshuang Zeng; Luo Wang; Hao Zhen; Chao Guo; Anzheng Liu; Xinglong Xia; Honglin Pei; Changkun Dong; Jun Ding,2023,2023,Science of the Total Environment,0081_2023_Nanoplastics_affect_the_growth_of_sea_urchins_(Strongylocentrotus_intermedius)_and_damage_gut_health_j.scitotenv.2023.161576.pdf.pdf,Strongylocentrotus intermedius,Echinoderm,"Juvenile, 6 months old",Not applicable,Single-generation feeding/water exposure,Marine aquaculture tanks,Polystyrene,Nanoplastics,100 nm,Supplier nominal; SEM figure caption is internally inconsistent,Fluorescent microspheres,Virgin fluorescent,Green fluorescent,Waterborne and ingestion,28-d continuous exposure,Juvenile,28 d,"0, 10^2, 10^4 particles/L",particles/L,YES,,"One 500-L tank per concentration, three mesh baskets within each tank",Tank,1 tank/treatment; 3 baskets are subsamples sharing treatment water,"120 sea urchins/treatment, 40/basket",Low particle-number concentrations but tank pseudoreplication,Digestive enzymes; immune enzymes; histopathology; microbiome,Growth; survival,YES - all endpoints after 28 d,Exact alpha-diversity table; other outcomes figure-only,No supplement supplied,Article states no data were used,INCLUDE - strict evidence map; EXCLUDE from primary quantitative synthesis due one tank/treatment,Manually verified - Batch 021 restoration,Treatment is fully confounded with a single tank. Basket and pooled samples cannot be treated as independent exposure replicates.,YES,YES,YES,YES,YES,NO,YES,NO,,,,,,,One tank per treatment makes quantitative treatment inference pseudoreplicated despite exact tables.,2023,Echinoderm,Marine,Waterborne,PS,Nanoplastic,Juvenile,Single-generation,Partially reusable,2023,Echinoderm,Waterborne,PS,Nanoplastic
B1-082,10.1016/j.scitotenv.2022.159270,https://doi.org/10.1016/j.scitotenv.2022.159270,"Adverse effects of polystyrene microplastics in the freshwater commercial fish, grass carp (Ctenopharyngodon idella): Emphasis on physiological response and intestinal microbiome",Yaotong Hao; Yanfeng Sun; Mo Li; Xuedan Fang; Zhikui Wang; Jiulong Zuo; Cuiyun Zhang,2023,2022,Science of the Total Environment,0082_2023_Adverse_effects_of_polystyrene_microplastics_in_the_freshwater_commercial_fish_grass_carp_(Ctenopharyngod_j.scitotenv.2022.159270.pdf.pdf,Ctenopharyngodon idella,Fish,"Juvenile, 3 months old",Not applicable,Single-generation exposure followed by depuration,Freshwater aquaria,Polystyrene,Microplastics,0.5 and 15 µm,SEM-confirmed nominal size; numeric distribution NR,Spherical,Virgin,No,Waterborne,14-d exposure plus 7-d depuration,Juvenile,"7, 14 and 21 d including depuration","0, 100, 500 µg/L for each size",µg/L,YES,,Control plus 2 sizes × 2 concentrations,Aquarium,6 aquaria/treatment,6 fish/aquarium,Concentrations described as possible in freshwater; 500 µg/L is elevated,Histopathology; oxidative stress; microbiome; accumulation,Growth; survival,"YES - matched size, concentration and time strata",Exact ordinal histopathology proportions and text statistics; main means are figure-only,Supplementary data referenced but not supplied,Available on request,INCLUDE - strict particle-only size-by-concentration study,Manually verified - Batch 021 restoration,"Six aquaria/treatment are reported, but the six fish sampled at each time point are not explicitly assigned one per aquarium; endpoint-level independent n remains unclear.",YES,YES,YES,YES,YES,UC,YES,NO,,,,,,,"Six aquaria/treatment are reported, but endpoint samples are not explicitly allocated across aquaria.",2022,Fish,Freshwater,Waterborne,PS,Microplastic,Juvenile,Single-generation,Partially reusable,2022,Fish,Waterborne,PS,Microplastic
B1-084,10.1016/j.jhazmat.2023.132359,https://doi.org/10.1016/j.jhazmat.2023.132359,Polystyrene microplastics disrupt female reproductive health and fertility via sirt1 modulation in zebrafish (Danio rerio),Priya Gupta; Archisman Mahapatra; Anjali Suman; Shubhendu Shekhar Ray; Guilherme Malafaia; Rahul Kumar Singh,2023,2023,Journal of Hazardous Materials,0084_2023_Polystyrene_microplastics_disrupt_female_reproductive_health_and_fertility_via_sirt1_modulation_in_zebraf_j.jhazmat.2023.132359.pdf.pdf,Danio rerio,Fish,Sexually mature adult female,Exposed F0 female and maternal source of F1 embryos,F0 adult female exposure with F1 embryo/larval assessment,Freshwater aquaria,Polystyrene,Microplastics,0.5 µm,Hydrodynamic diameter 529.3 ± 161.9 nm,Carboxylate-modified microspheres,Carboxylated,Fluorescent particles used for accumulation,Waterborne,60-d continuous exposure,Adult,60 d; F1 to 96 hpf and 5 dpf,"0, 50, 500 µg/L",µg/L,YES,,Control plus two concentrations; three tanks/group,Aquarium,3 tanks/group,60 exposed females/group; 60 unexposed males/group maintained separately,Authors describe concentrations as environmentally relevant; 500 µg/L is high,Oxidative stress; apoptosis; endocrine hormones; steroidogenesis genes; histopathology; SIRT1/p53 pathway,Fecundity; fertilization; hatching; offspring length; survival,YES at F0 study level; F1 well and parental-tank linkage is not reported,Exact text percentage/fold summaries; group means are figure-only,Supporting information referenced but not supplied,Available on request,INCLUDE - strict particle-only reproductive study,Manually verified - Batch 021 restoration,"Parental tank, egg, well and larval independence are not linked. Hormone assays pool blood from three fish per sample.",YES,YES,YES,YES,YES,UC,YES,NO,,,,,,,"F0 tanks are triplicated, but F1 wells and pooled biomarker samples are not traceable to parental tanks.",2023,Fish,Freshwater,Waterborne,PS,Microplastic,Adult,Inter- or multigenerational,Partially reusable,2023,Fish,Waterborne,PS,Microplastic
B1-085,10.1016/j.marpolbul.2023.114609,https://doi.org/10.1016/j.marpolbul.2023.114609,"Ingestion, egestion and physiological effects of polystyrene microplastics on the marine jellyfish Rhopilema esculentum",Jianlong Ge; Bin Li; Meijie Liao; Zheng Zhang; Siqing Chen; Bin Xia; Yingeng Wang,2023,2023,Marine Pollution Bulletin,0085_2023_Ingestion_egestion_and_physiological_effects_of_polystyrene_microplastics_on_the_marine_jellyfish_Rhopile_j.marpolbul.2023.114609.pdf.pdf,Rhopilema esculentum,Cnidarian,Juvenile medusa,Not applicable,"Separate ingestion, egestion and chronic-exposure experiments",Marine bubble tanks,Polystyrene,Microplastics,"95, 180 and 350 µm; chronic trial 180 µm","96.1 ± 4.0, 181.6 ± 14.9 and 353.3 ± 72.3 µm",Spherical,Virgin,No,Waterborne ingestion,Acute ingestion/egestion and 15-d chronic exposure,Juvenile medusa,1-12 h ingestion; 9 h clearance; 15 d chronic,"Chronic: 0, 100, 1000 items/L",items/L,YES,Feeding factor only in separate acute ingestion experiment,"Chronic particle-free control plus two concentrations, four tanks/group",Bubble tank,4 tanks/treatment in chronic trial,16 medusae/tank,100 items/L designated environmentally relevant; 1000 items/L future scenario,Energy metabolism; feeding; assimilation; respiration; digestive enzymes,Growth; survival,YES - growth and physiology measured within the 15-d chronic trial,Exact Table 1 mean ± SD; other physiological means are figure-only,Supplementary data referenced but not supplied,Available on request,INCLUDE - strict particle-only chronic study,Manually verified - Batch 021 restoration,Repeated time points share the same tanks. Effect sizes must not be treated as independent across time or endpoints.,YES,YES,YES,YES,YES,YES,YES,NO,,,,,,,Four tanks/group and exact growth means/SD support exploratory effect sizes; repeated measures remain dependent.,2023,Cnidarian,Marine,Waterborne,PS,Microplastic,Juvenile,Single-generation or unclear,Fully reusable for conventional effect size,2023,Cnidarian,Waterborne,PS,Microplastic
B1-088,10.1039/d2en00542e,https://doi.org/10.1039/d2en00542e,"Dysregulation of gut health in zebrafish by differentially charged nanoplastic exposure: an integrated analysis of histopathology, immunology, and microbial informatics",Zhimin Xu; Yuxue Zhang; Zhihao Xu; Yuming Zhong; Lei Wang; Chunguang Liu; Ailing Chen; Shanyu Jiang; Weimin Sun; Guohui Yu; Yanling Li; Chengzhang Li; Yifan Wang; Renqiang Yu; Le Zhang,2023,2023,Environmental Science: Nano,0088_2023_Dysregulation_of_gut_health_in_zebrafish_by_differentially_charged_nanoplastic_exposure_an_integrated_ana_d2en00542e.pdf.pdf,Danio rerio,Fish,Two-month-old juvenile,Not applicable,Single-generation multi-omics exposure,Freshwater aquaria,Polyvinyl chloride,Author-defined nanoplastics,200 nm,Hydrodynamic diameter 104.21-864.33 nm depending on surface group,Fluorescent nanospheres,"Unmodified, hydroxyl, carboxyl, sulfonic acid, amino and epoxy surface groups",Red fluorescence embedded in particle matrix,Waterborne ingestion,18-d semi-static exposure,Two-month-old juvenile,18 d,0 and 50 µg/L for six surface states,µg/L,YES,,Particle-free control plus six functionalized-particle groups,Aquarium,3 aquaria/treatment,"20 fish/aquarium, male:female 1:1",Single nominal concentration; aggregation strongly surface-dependent,Nutritional composition; gut histopathology; mitochondrial function; oxidative stress; immune genes; metabolomics; microbiome; accumulation,Growth; food intake; oxygen consumption,YES - matched 18-d treatment groups,"Exact text ratios, percentages and gut particle burdens; most arm means are figure-only",ESI contains tables and figures; not supplied,Not reported,INCLUDE - strict particle-only surface-functionalization study,Manually verified - Batch 022,"Aquarium replication is clear, but most figures report n=6 without identifying allocation across the three exposure aquaria; endpoint independence is therefore unclear.",YES,YES,YES,PARTIAL,PARTIAL,UC,YES,NO,,,,,,,"Three aquaria/treatment are reported, but n=6 endpoint values are not traceable to aquaria and most means are figure-only.",2023,Fish,Freshwater,Waterborne,PVC,Nanoplastic,Juvenile,Single-generation,Directional or nonstandard evidence only,2023,Fish,Waterborne,PVC,Nanoplastic
B1-089,10.1016/j.etap.2023.104250,https://doi.org/10.1016/j.etap.2023.104250,"Investigations of hemato-biochemical and histopathological parameters, and growth performance of walking catfish (Clarias batrachus) exposed to PET and LDPE microplastics",Kaniz Fatema; Tasnia Islam Auditi; Shema Biswas; Sumaiya Binte Ayesha; Md. Helal Uddin; Kizar Ahmed Sumon; Chayon Goswami; Ramji Kumar Bhandari; Harunur Rashid,2023,2023,Environmental Toxicology and Pharmacology,0089_2023_Investigations_of_hemato-biochemical_and_histopathological_parameters_and_growth_performance_of_walking_c_j.etap.2023.104250.pdf.pdf,Clarias batrachus,Fish,Adult/subadult walking catfish,Not applicable,Single-generation dietary exposure,Freshwater tanks,PET and LDPE,Microplastics,PET 1-2 mm; LDPE 2.9-3.0 mm,Size ranges stated; FTIR-confirmed polymers,Irregular PET fragments and round LDPE pellets,Locally sourced PET bottle fragments and virgin LDPE pellets,No,Dietary/direct feeding,60-d feeding trial,Mean 103.4 g fish,30 and 60 d endpoints,T1/T2 3-6 PET fragments/L; T3 1-2 LDPE pellets/L; PET feed 0.05 g/g,Mixed particle-number and feed mass metrics,YES,,"Control plus voluntary PET, feed-incorporated PET and feed-incorporated LDPE",Tank,3 tanks/treatment,20 fish/tank,"Large irregular particles; treatment contrasts confound polymer, shape, dose metric and feeding mode",Hematology; serum biochemistry; multi-organ histopathology,Growth; survival,YES - biomarker and apical endpoints in the same 60-d tank trial,Exact Table 7 mean ± SD growth/survival; MANOVA F and p values; biomarker means figure-only,Supplementary design figures referenced; not supplied,Data available on request,INCLUDE - strict particle-only study with arm-specific exposure confounding,Manually verified - Batch 022,"Treatment arms are experimentally valid but cannot isolate polymer effects because PET versus LDPE also changes shape, delivery mode and dose metric.",YES,YES,YES,YES,YES,YES,YES,NO,,,,,,,"Table 7 is effect-size ready at tank level, but treatment arms confound polymer, shape, feeding mode and dose metric.",2023,Fish,Freshwater,Dietary,Mixed polymers,Microplastic,Adult,Single-generation,Fully reusable for conventional effect size,2023,Fish,Dietary,Mixed polymers,Microplastic
B1-091,10.1016/j.aninu.2022.01.007,https://doi.org/10.1016/j.aninu.2022.01.007,Chronic exposure to high-density polyethylene microplastic through feeding alters the nutrient metabolism of juvenile yellow perch (Perca flavescens),Xing Lu; Dong-Fang Deng; Fei Huang; Fabio Casu; Emma Kraco; Ryan J. Newton; Merry Zohn; Swee J. Teh; Aaron M. Watson; Brian Shepherd; Ying Ma; Mahmound A. O. Dawood; Lorena M. Rios Mendoza,2022,2022,Animal Nutrition,0091_2022_Chronic_exposure_to_high-density_polyethylene_microplastic_through_feeding_alters_the_nutrient_metabolism_j.aninu.2022.01.007.pdf.pdf,Perca flavescens,Fish,Juvenile,Not applicable,Single-generation dietary dose-response,Freshwater flow-through tanks,High-density polyethylene,Microplastics,100-125 µm,100-125 µm; FTIR purity 90.5%,Powder/particles,Commercial HDPE; no aging,No,Dietary,9-wk feeding trial,25.90 ± 0.16 g juvenile,9 wk,"Nominal 0,1,2,4,8 g/100 g diet; analyzed 0,0.84,1.57,3.48,7.13",g/100 g dry diet,YES,,"Five diets, cellulose replaced by HDPE to balance formulation",Tank,3 tanks/treatment,15 fish/tank after redistribution,High dietary inclusion levels; balanced cellulose substitution,Whole-body nutrition; liver indices/metabolomics; histopathology; microbiome,Growth; condition; survival,YES - all outcomes within the 9-wk trial,Extensive exact tables; Tables 2-5 report pooled SE rather than arm-specific SD,No supplement required for main tables,Not reported,INCLUDE - strict particle-only feeding study; primary effect sizes unavailable from pooled SE tables,Manually verified - Batch 022,"Three tanks/group are clear, but pooled SE prevents arm-specific variance reconstruction and several histology/microbiome analyses use fish nested within tanks.",YES,YES,YES,YES,PARTIAL,YES,YES,NO,,,,,,,"Three tanks/group are clear; most exact tables provide pooled SE rather than arm-specific SD, preventing standard pairwise effect sizes.",2022,Fish,Freshwater,Dietary,PE family,Microplastic,Juvenile,Single-generation,Partially reusable,2022,Fish,Dietary,PE family,Microplastic
B1-092,10.1016/j.cbpc.2022.109269,https://doi.org/10.1016/j.cbpc.2022.109269,"Effects of polyvinyl chloride microplastics on reproduction, oxidative stress and reproduction and detoxification-related genes in Daphnia magna",Yang Liu; Jiale Zhang; Haoyang Zhao; Ji Cai; Yousef Sultan; Haiyan Fang; Bangjun Zhang; Junguo Ma,2022,2022,Comparative Biochemistry and Physiology Part C: Toxicology & Pharmacology,0092_2022_Effects_of_polyvinyl_chloride_microplastics_on_reproduction_oxidative_stress_and_reproduction_and_detoxif_j.cbpc.2022.109269.pdf.pdf,Daphnia magna,Crustacean,<24-h neonate,Exposed neonates matured through reproduction test,"Separate acute, chronic reproduction and pooled biomarker experiments",Freshwater beakers,Polyvinyl chloride,Microplastics,2 ± 1 and 50 ± 10 µm,Supplier size ranges; no additives,Not reported,"Virgin, additive-free",No,Waterborne,48-h acute and 21-d chronic exposure,<24 h neonate,"48 h; 4,7,14,21 d biomarkers; 21 d reproduction",Acute 0-160 mg/L for 50 µm; chronic 2.05 mg/L small and 4.97 mg/L large,mg/L,YES,,Particle-free controls for acute and chronic tests,Individual beaker for reproduction; replicate exposure vessel for pooled biomarkers,Reproduction n=10 individual beakers/group; biomarkers 3 replicates/group,1 daphnid/beaker reproduction; 90 living animals/replicate/time biomarker,Chronic concentrations are 1/10 LC50 and high relative to environmental exposure,Oxidative stress; reproduction/detoxification genes,Reproduction; acute mortality,PARTIAL - reproduction and biomarker experiments use matched concentrations/duration but separate cohorts,Exact LC50 and directional effects; response means/SD are figure-only,No supplementary numeric tables supplied,Available on request,INCLUDE - strict particle-only study; biomarker-apical linkage is parallel-cohort rather than same experiment,Manually verified - Batch 022,"Reproduction uses independent individual beakers, whereas mechanistic endpoints use large pooled samples in a separate experiment. They should not be treated as paired individual-level data.",NO,YES,YES,YES,YES,YES,YES,NO,,,,,,,Reproduction and mechanistic endpoints use separate cohorts despite matched chronic concentrations and duration.,2022,Crustacean,Freshwater,Waterborne,PVC,Microplastic,Embryo or larva,Single-generation or unclear,Fully reusable for conventional effect size,2022,Crustacean,Waterborne,PVC,Microplastic
B1-093,10.1007/s13273-020-00088-4,https://doi.org/10.1007/s13273-020-00088-4,Polystyrene microplastics induce mortality through acute cell stress and inhibition of cholinergic activity in a brine shrimp,Hye-Jin Eom; Sang-Eun Nam; Jae-Sung Rhee,2020,2020,Molecular & Cellular Toxicology,0093_2020_Eom_Polystyrene_microplastics_induce_mortality_through_acute_cell_stress_and_in_s13273-020-00088-4.pdf,Artemia franciscana,Crustacean,"Early juvenile, approximately 1 day after hatching",Not applicable,Acute biomarker and 30-d survival/AChE experiments,Artificial seawater vessels,Polystyrene,Microplastics,"1,3,6,10 µm","Supplier calibrated ranges 1.00-1.05, 3.00-3.08, 6.00-6.10, 10.00-10.15 µm",Spherical microbeads,Non-functionalized for toxicity; fluorescent melamine-resin particles used only for ingestion confirmation,Toxicity beads unlabelled; separate fluorescent melamine-resin particles for ingestion,Waterborne ingestion,96-h acute biomarkers and 30-d chronic survival/AChE,Approximately 1 DAH,96 h and 30 d,"0,1,10,100,1000 particles/mL",particles/mL,YES,,Particle-free controls by size/concentration experiment,Exposure vessel/container,Survival 3 vessels/concentration; AChE 3 containers/treatment; acute biomarker replication incompletely described,Survival 60-70 juveniles/vessel; AChE approximately 200 nauplii/container,Upper concentration very high; chronic density may induce physical crowding/feeding effects,Hsp70 expression; SOD/CAT; AChE,Survival,PARTIAL - AChE and mortality share chronic treatment strata; acute stress biomarkers are separate 96-h cohorts,Exact design and directional significance; means are figure-only,No supplement supplied,Not reported,INCLUDE - strict particle-only chronic biomarker-survival study,Manually verified - Batch 022,The paper inconsistently calls the survival test 40 days while presenting 30-day survival. Ingestion confirmation used melamine-resin particles and must not be treated as PS toxicity exposure.,PARTIAL,YES,PARTIAL,YES,YES,PARTIAL,YES,NO,,,,,,,"AChE and survival share chronic strata, while hsp70/antioxidant biomarkers are separate 96-h cohorts; means remain figure-only.",2020,Crustacean,Marine,Waterborne,PS,Microplastic,Juvenile,Single-generation or unclear,Partially reusable,2020,Crustacean,Waterborne,PS,Microplastic
B1-094,10.1016/j.envpol.2022.119721,https://doi.org/10.1016/j.envpol.2022.119721,Environmental microplastics disrupt swimming activity in acute exposure in Danio rerio larvae and reduce growth and reproduction success in chronic exposure in D. rerio and Oryzias melastigma,Bettie Cormier; Jérôme Cachot; Mélanie Blanc; Mathieu Cabar; Christelle Clérandeau; Florian Dubocq; Florane Le Bihanic; Bénédicte Morin; Sarah Zapata; Marie-Laure Bégout; Xavier Cousin,2022,2022,Environmental Pollution,0093_2022_Environmental_microplastics_disrupt_swimming_activity_in_acute_exposure_in_Danio_rerio_larvae_and_reduce_j.envpol.2022.119721.pdf.pdf,Danio rerio; Oryzias melastigma,Fish,"Embryo, larva, juvenile and adult; unexposed F1 offspring",F0 adult reproduction and parental exposure,Acute early-life experiment plus chronic F0 and unexposed F1 assessment,Freshwater and marine laboratory systems,Environmental mixture dominated by polyethylene and polypropylene,Field-collected weathered environmental microplastics,Acute suspension at 1 or 10 mg/L; chronic diet used 53-100 µm fraction,MG median 33.7 µm and mean 87.1 µm; PB size distribution reported in supplement,More than 98% fragments,Beach-weathered particles with site-specific sorbed organic contaminants and trace metals,NO,Waterborne acute exposure and dietary chronic exposure,96-h acute exposure and 5-month chronic feeding at 1% wet weight,3 hpf acute; 30 dpf chronic,3-96 hpf acute; 30 dpf to 6 mpf chronic; F1 followed without exposure,1 and 10 mg/L acute; 1% wet weight in diet chronic,mg/L or % wet weight,NO for strict particle-only attribution,"Inseparable field-sorbed chemical mixture including hydrocarbons, pesticides, phthalates, flame retardants and metals",Clean E3 medium or plain diet with matched flaxseed oil,Acute replicate dish; chronic rearing tank; spawning pair or tank depending species,3 replicates/treatment for acute and chronic exposures,20 embryos/acute replicate; at least 20-30 fish/chronic tank,High particle realism but particle and sorbed-chemical effects are inseparable,EROD; acetylcholinesterase; lipid peroxidation; DNA damage,Swimming behaviour; survival; growth; reproduction; F1 survival and behaviour,YES within each exposure experiment; not a clean particle-only causal contrast,Exact percentages and survival-time confidence intervals plus figure-level means,Extensive supplementary methods and results referenced; not supplied,Not reported,EXCLUDE - environmental particle/pollutant mixture for strict particle-only inference; retain as secondary realistic-mixture evidence,Manually verified - Batch 023,Environmentally realistic particles carried site-specific contaminant mixtures and no uncontaminated or chemically matched particle arm was included.,YES,YES,YES,PARTIAL,PARTIAL,PARTIAL,YES,NO,,,,,,,"Strong multilevel design, but strict particle attribution is impossible because field particles carry inseparable contaminant mixtures and much numerical detail is in the unavailable supplement.",2022,Fish,Mixed freshwater–marine,Mixed waterborne–dietary,Mixed polymers,Microplastic,Multiple stages or life cycle,Inter- or multigenerational,Directional or nonstandard evidence only,2022,Fish,Mixed waterborne–dietary,Mixed polymers,Microplastic
B1-095,10.1016/j.jhazmat.2021.127751,https://doi.org/10.1016/j.jhazmat.2021.127751,Microplastics: A tissue-specific threat to microbial community and biomarkers of discus fish (Symphysodon aequifasciatus),Jun-Nan Huang; Yuan Zhang; Lei Xu; Kai-Xuan He; Bin Wen; Pei-Wen Yang; Jie-Yu Ding; Jing-Ze Li; Huan-Chao Ma; Jian-Zhong Gao; Zai-Zhong Chen,2022,2021,Journal of Hazardous Materials,0094_2022_Microplastics_A_tissue-specific_threat_to_microbial_community_and_biomarkers_of_discus_fish_(Symphysodon_j.jhazmat.2021.127751.pdf.pdf,Symphysodon aequifasciatus,Fish,Five-month-old juvenile,Not applicable,Single-generation repeated-time exposure,Freshwater tanks,Polystyrene,Microplastic,38.37 ± 1.73 µm,38.37 ± 1.73 µm by particle-size analysis,Spherical fluorescent particles,Pristine commercial particles; stock contained ethanol and Tween-20,Green fluorescence,Waterborne,Semi-static 28-d exposure with one-third water replacement every other day,Five-month-old juvenile,14 and 28 d,"0, 20 and 200 µg/L",µg/L,YES,None intended; dispersant stock contained ethanol and Tween-20,Particle-free control without ethanol or Tween-20,Tank,6 tanks/treatment,10 fish/tank; four fish/tank sampled at each time,Concentrations selected from reported environmental particle abundances,Skin oxidative stress; gill ion regulation; intestinal digestive enzymes; tissue accumulation; tissue microbiota,Body weight and condition factor,YES - matched treatment groups and 28-d endpoint,Exact Table 2 mean ± SD for eight biomarkers; growth values figure-only,Supplement referenced; not supplied,Microbiome sequences public as SRP337385; phenotype raw data not reported,INCLUDE - strict particle-only study with vehicle-control and biomarker-replication caveats,Manually verified - Batch 023,"Six exposure tanks were used, but Table 2 reports n=3 without stating how samples were allocated across tanks; control also lacked the stock vehicle.",YES,YES,YES,YES,YES,PARTIAL,YES,PARTIAL,,,,,,,"Table 2 is numerically complete, but its n=3 biochemical samples are not mapped to the six exposure tanks; sequence data are public but phenotype data are not.",2021,Fish,Freshwater,Waterborne,PS,Microplastic,Juvenile,Single-generation,Partially reusable,2021,Fish,Waterborne,PS,Microplastic
B1-096,10.1016/j.chemosphere.2022.135198,https://doi.org/10.1016/j.chemosphere.2022.135198,Effects of pristine or contaminated polyethylene microplastics on zebrafish development,Marco Tarasco; Paulo J. Gavaia; Anabela Bensimon-Brito; Fabrice P. Cordelières; Tamara Santos; Gil Martins; Daniela T. de Castro; Nadia Silva; Elsa Cabrita; Maria J. Bebianno; Didier Y. R. Stainier; M. Leonor Cancela; Vincent Laizé,2022,2022,Chemosphere,0095_2022_Effects_of_pristine_or_contaminated_polyethylene_microplastics_on_zebrafish_development_j.chemosphere.2022.135198.pdf.pdf,Danio rerio,Fish,Larva through adult; unexposed F1 larvae,F0 reproduction and parental exposure,Long-term F0 dietary exposure with intergenerational F1 assessment,Freshwater recirculating and glass-tank systems,Polyethylene,Microplastic,20-27 µm,Manufacturer size 20-27 µm,Fluorescent microspheres,Pristine or benzo[a]pyrene-spiked; particles contain proprietary additive below 30% w/w,YES,Dietary,Diet supplemented with 1% w/w particles from 8 dpf onward,8 dpf,"To 30, 90 and 360 dpf; F1 evaluated at 6 dpf","Control, 1% pristine MP, 1% MP-BaP",% w/w diet,YES - pristine MP arm,"Benzo[a]pyrene on secondary MP-BaP arm, 2.68 ± 0.13 µg BaP/g particles",Commercial control diet; pristine-particle and contaminated-particle diets,Exposure tank,Three replicate tanks/diet stated or inferred from design; endpoint-specific sampling varies,"600 larvae total, described as 200 per replicate; later endpoint n varies",Long-term dietary exposure but high particle loading and proprietary particle additive,Skeletal development; scale mineralization; intestinal goblet cells; oxidative-stress and BaP-response gene expression,Growth; reproductive performance; skeletal deformity; F1 growth and operculum development,YES - matched F0 diet groups with derived unexposed F1,Numerous exact source-reported relative changes; raw arm distributions mainly figure-only or median/range,Supplementary tables and figures referenced; not supplied,Not reported,INCLUDE - strict pristine-particle arm; BaP-coated arm secondary,Manually verified - Batch 023,"Pristine MP provides a particle-only contrast, but the microspheres contain an undisclosed additive and many numerical results are relative changes with unspecified uncertainty type rather than arm mean ± SD.",YES,YES,YES,PARTIAL,PARTIAL,PARTIAL,PARTIAL,NO,,,,,,,"A pristine-particle arm is present, but many results are relative effects or median/range plots and replication wording is endpoint-specific or ambiguous.",2022,Fish,Freshwater,Dietary,PE family,Microplastic,Multiple stages or life cycle,Inter- or multigenerational,Directional or nonstandard evidence only,2022,Fish,Dietary,PE family,Microplastic
B1-097,10.1016/j.scitotenv.2021.152098,https://doi.org/10.1016/j.scitotenv.2021.152098,Polystyrene nanoplastics affect digestive function and growth in juvenile groupers,Qing Wang; Fengqi Huang; Kaishan Liang; Wenbiao Niu; Xuzhuo Duan; Xianze Jia; Xuefeng Wu; Peng Xu; Lei Zhou,2022,2021,Science of the Total Environment,0096_2022_Polystyrene_nanoplastics_affect_digestive_function_and_growth_in_juvenile_groupers_j.scitotenv.2021.152098.pdf.pdf,Epinephelus coioides,Fish,Juvenile,Not applicable,Single-generation dose-response exposure,Marine aquaria,Polystyrene,Nanoplastic,Approximately 100 nm,100.86 ± 7.15 nm,Fluorescent nanospheres,Pristine commercial fluorescent particles,YES,Waterborne,14-d exposure,"Juvenile, mean length 5.26 cm and weight 4.26 g",14 d,"0, 300 and 3000 µg/L",µg/L,YES,,Particle-free control,Tank,3 tanks/treatment,40 fish/tank,High nominal concentrations; short exposure,Digestive enzymes; lysozyme; SOD; intestinal and liver histopathology; microbiome; particle uptake,Specific growth rate and mortality,YES - matched 14-d treatment groups,Exact mean ± SD for SGR and seven enzyme endpoints; mortality counts exact,Supplement not required for extracted core outcomes,Not reported,INCLUDE - strict particle-only multi-level study; enzyme sampling nested across tanks,Manually verified - Batch 023,"SGR can be linked to three exposure tanks, but enzyme samples pooled three fish each and their allocation across the three tanks was not reported.",YES,YES,YES,YES,YES,PARTIAL,YES,NO,,,,,,,SGR supports tank-level comparison; pooled enzyme samples are not traceable to the three tanks and therefore cannot be treated as independent exposure replicates.,2021,Fish,Marine,Waterborne,PS,Nanoplastic,Juvenile,Single-generation,Partially reusable,2021,Fish,Waterborne,PS,Nanoplastic
B1-098,10.1016/j.envpol.2022.120480,https://doi.org/10.1016/j.envpol.2022.120480,"Polystyrene microplastic ingestion induces the damage in digestive gland of Amphioctopus fangsiao at the physiological, inflammatory, metabolome and transcriptomic levels",Jian Zheng; Congjun Li; Xiaodong Zheng,2022,2022,Environmental Pollution,0097_2022_Polystyrene_microplastic_ingestion_induces_the_damage_in_digestive_gland_of_Amphioctopus_fangsiao_at_the_j.envpol.2022.120480.pdf.pdf,Amphioctopus fangsiao,Mollusc,"Sub-adult, approximately 200 d old",Sub-adult growth,Single-generation dose-response exposure,Marine tanks,Polystyrene,Microplastic,5 µm,5 µm sphere confirmed by SEM and FTIR,Sphere,Pristine commercial particles,NO,Waterborne with ingestion likely through water and prey contact,21-d semi-static exposure with daily partial water renewal and redosing,Sub-adult approximately 200 d old,21 d,"0, 100 and 1000 µg/L",µg/L,YES,,Particle-free seawater control,Tank,"18 tanks total, 3 octopuses/tank; six tanks/group inferred",3 octopuses/tank,Low treatment described as seabed-relevant; high treatment mechanistic,Oxidative stress; glucolipid metabolism; histopathology; integrated biomarker response; transcriptomics; metabolomics,Specific growth rate and hepatosomatic index,YES at study level; endpoint samples drawn from the same exposure experiment,Directional figure results plus exact DEG and metabolite counts; phenotype arm means are figure-only,Supplement referenced; not supplied,Transcriptome reads public as SRR21871815-SRR21871820; phenotype and metabolomics raw data not reported,INCLUDE - strict particle-only study; figure-only phenotype values and tank-mapping caveats,Manually verified - Batch 023,"Eighteen tanks indicate six tanks/group, but growth, biochemical and omics sample selection was not mapped back to exposure tanks; most phenotype means are only plotted.",YES,YES,YES,PARTIAL,PARTIAL,PARTIAL,YES,PARTIAL,,,,,,,"Exposure tanks are reported, but endpoint samples are not mapped to tanks and phenotype means are figure-only; transcriptome reads are public.",2022,Mollusc,Marine,Trophic transfer,PS,Microplastic,Adult,Single-generation,Directional or nonstandard evidence only,2022,Mollusc,Trophic transfer,PS,Microplastic
B1-099,10.1016/j.ecoenv.2022.113540,https://doi.org/10.1016/j.ecoenv.2022.113540,"Enrichment of polystyrene microplastics induces histological damage, oxidative stress, Keap1-Nrf2 signaling pathway-related gene expression in loach juveniles (Paramisgurnus dabryanus)",Xianqing Wang; Shaoqing Jian; Shuaishuai Zhang; Di Wu; Junhua Wang; Meng Gao; Junqing Sheng; Yijiang Hong,2022,2022,Ecotoxicology and Environmental Safety,0098_2022_Enrichment_of_polystyrene_microplastics_induces_histological_damage_oxidative_stress_Keap1-Nrf2_signaling_j.ecoenv.2022.113540.pdf(3).pdf,Paramisgurnus dabryanus,Fish,Juvenile,Not applicable,Single-generation juvenile study with separate uptake and 21-d toxicity/growth experiments,Freshwater glass tanks,Polystyrene,Nanoplastic and microplastic,0.5 and 5 µm,Not reported,Not reported,Pristine commercial particles; fluorescent material used for uptake and ordinary particles for toxicity,YES in uptake experiment; NO in toxicity experiment,Waterborne,Semi-static exposure with complete water renewal every 48 h in uptake trial and one-third renewal in growth/toxicity trial,"Juveniles, 2.5 ± 0.2 g","0-168 h uptake; 21 d growth/toxicity with sampling on days 7, 14 and 21","0, 100 and 1000",µg/L,YES,,Particle-free water control,Fish tank,3 replicates per group,30 fish/tank in uptake trial; growth trial states 50 fish per group/tank but allocation is unclear,Laboratory aquaculture scenario; environmental concentration relevance not quantified,Tissue particle burden; liver histopathology; SOD; CAT; GSH-PX; MDA; AChE; Keap1-Nrf2 and antioxidant-gene expression,Survival; weight gain; specific growth rate,YES for the 21-d toxicity experiment; uptake was a separate experiment,Outcome means and SEM are figure-only; exact qualitative and significance statements are available,No supplementary file cited for core outcomes,Not reported,INCLUDE - strict particle-only study with figure-only outcome values and replication ambiguity,Manually verified - Batch 024,"Numerical outcome values are confined to figures, and wording does not clearly resolve whether 50 fish were used per tank or per treatment in the 21-d trial.",YES,YES,YES,NO,NO,UC,YES,NO,,,,,,,Figure-only means/SEM prevent effect-size calculation; tank replication is reported but animal allocation in the 21-d experiment is unclear.,2022,Fish,Freshwater,Waterborne,PS,Nano–micro mixed or boundary,Juvenile,Single-generation,Directional or nonstandard evidence only,2022,Fish,Waterborne,PS,Nano–micro mixed or boundary
B1-100,10.1016/j.envpol.2021.118600,https://doi.org/10.1016/j.envpol.2021.118600,Intergenerational effects of environmentally-aged microplastics on the Crassostrea gigas,Arno Bringer; Jérôme Cachot; Emmanuel Dubillot; Grégoire Prunier; Valérie Huet; Christelle Clérandeau; Louise Evin; Hélène Thomas,2022,2021,Environmental Pollution,0099_2022_Intergenerational_effects_of_environmentally-aged_microplastics_on_the_Crassostrea_gigas_j.envpol.2021.118600.pdf(3).pdf,Crassostrea gigas,Bivalve mollusc,F0 adult and unexposed F1 D-larvae,F0 adults were directly exposed and used as parents,Intergenerational design with 56-d F0 exposure and no direct F1 particle exposure,Marine filtered seawater system,HDPE 28%; PP 40%; PVC 32%,Microplastic mixed-polymer fragments,100 µm to 5 mm sieved fraction,138.6 ± 2.3 µm,Irregular crushed fragments,Environmentally aged aquaculture plastics recovered from a beach,NO,Waterborne parental exposure,Continuous recirculating exposure with water renewal every two days; offspring assessed after in-vitro fertilisation,"Adult oysters, 24 months, 15.75 ± 1.5 g","56 d F0 exposure; F1 assessed at 24, 48 and 72 h","0, 0.1 and 10",mg/L,"YES as an aged-material treatment, but polymer and additive/weathering chemistry are inseparable",No deliberately added co-stressor; aged-plastic additives and acquired chemicals were not separately controlled,Particle-free seawater control,Condition-level buffer tank for F0 exposure; parent pair for F1 assays,Three exposure tanks per condition connected to one shared buffer tank; three parental pairs per condition,30 oysters/tank; approximately 300-350 eggs/well; endpoint-specific larval subsamples,"Aged particles are realistic; 0.1 mg/L approximates an upper environmental loading, whereas 10 mg/L is high",Internal particle burden; SOD; GST; MDA; laccase; gamete quality,"Adult mortality and condition; F1 swimming, trajectory, development and length",YES - parental biomarkers and F1 outcomes originate from the same condition-level exposure,Many exact text/table means ± SEM; variance is not usable for independent treatment inference because each condition shared one buffer tank,Extensive supplementary tables/figures referenced but not supplied,Not reported,INCLUDE - aged mixed-polymer intergenerational evidence; shared-buffer pseudoreplication prevents primary synthesis,Manually verified - Batch 024,"Three nominal exposure tanks per condition were hydraulically connected to a single condition-specific buffer tank, leaving one independent F0 exposure system per treatment.",YES,YES,YES,YES,YES,NO,YES,NO,,,,,,,"Exact means and SEM are reported, but one shared buffer tank per condition leaves no replicated F0 exposure and offspring are nested within three parent pairs.",2021,Mollusc,Marine,Waterborne,Mixed polymers,Microplastic,Multiple stages or life cycle,Inter- or multigenerational,Partially reusable,2021,Mollusc,Waterborne,Mixed polymers,Microplastic
B1-101,10.3390/w14121831,https://doi.org/10.3390/w14121831,"Embryotoxicity of Polystyrene Microspheres of Different Sizes to the Marine Medaka Oryzias melastigma (McClelland, 1839)",Jincan Chen; Chao Fang; Ronghui Zheng; Jun Bo,2022,2022,Water,0100_2022_Embryotoxicity_of_Polystyrene_Microspheres_of_Different_Sizes_to_the_Marine_Medaka_Oryzias_melastigma_(Mc_w14121831.pdf(3).pdf,Oryzias melastigma,Fish,Embryo,Adults used only as broodstock,Single-generation embryo exposure,Marine laboratory culture,Polystyrene,Nanoplastic and microplastic,"0.05, 0.5 and 6.0 µm",SEM confirmed consistency with nominal sizes; exact measured diameters not printed,Spherical,Pristine commercial fluorescent and non-fluorescent particles,YES for imaging; non-fluorescent particles used for ROS assay,Waterborne,19-d embryo exposure performed in triplicate,Embryos,3-19 d depending endpoint,0 and 1 × 10^6,particles/L,YES,,Particle-free seawater control,Petri dish,3 replicate dishes per treatment,Table reports n=100 for hatching/mortality; allocation among triplicate dishes is not stated,Concentration selected from prior studies; direct environmental comparability not established,"Chorion attachment and penetration; ROS; immune/inflammatory, endocrine, hypoxia, metabolism and oxidative-stress gene expression",Hatching time and rate; mortality; heart rate; embryo diameter,YES - biomarker and apical endpoints were measured in the same exposure design,"Exact mean ± SE tables for hatching, mortality and diameter; other outcomes are figure-only or qualitative",Appendix figures and tables are included in the article,Not reported,INCLUDE - strict particle-only embryo study; independent-unit variance cannot be reconstructed,Manually verified - Batch 024,The article reports triplicate treatments but tables label n=100 or n=9 without mapping observations to dishes; SE values were therefore not converted to independent-unit SD.,YES,YES,YES,YES,YES,UC,UC,NO,,,,,,,"Exact mean±SE tables are available, but n=100/n=9 observations are not allocated among triplicate dishes and independent-unit SD cannot be recovered.",2022,Fish,Marine,Waterborne,PS,Nano–micro mixed or boundary,Embryo or larva,Single-generation,Partially reusable,2022,Fish,Waterborne,PS,Nano–micro mixed or boundary
B1-102,10.1016/j.jhazmat.2021.127038,https://doi.org/10.1016/j.jhazmat.2021.127038,"Adverse effects of dietary virgin (nano)microplastics on growth performance, immune response, and resistance to ammonia stress and pathogen challenge in juvenile sea cucumber Apostichopus japonicus (Selenka)",Ji Liu; Dongxue Xu; Yanru Chen; Chunyan Zhao; Lanhao Liu; Yuanxue Gu; Yichao Ren; Bin Xia,2022,2021,Journal of Hazardous Materials,0101_2022_Adverse_effects_of_dietary_virgin_(nano)microplastics_on_growth_performance_immune_response_and_resistanc_j.jhazmat.2021.127038.pdf(3).pdf,Apostichopus japonicus,Echinoderm,Juvenile,Not applicable,Single-generation 60-d dietary exposure followed by ammonia and pathogen challenge subsets,Marine aquaria,Polystyrene,Nanoplastic and microplastic,100 nm and 20 µm,Nominal diameters with stated deviation range <5-10%; no exact measured diameter printed,Not reported,Virgin highly purified commercial particles,NO,Dietary,60-d feeding experiment followed by a 10-d ammonia challenge or 7-d Vibrio challenge in subsets,"Juveniles, initial wet weight 15.03 ± 0.95 g",60 d feeding; 10 d ammonia stress; 7 d pathogen challenge,0 and 100,mg/kg diet,YES for feeding outcomes,Post-exposure 40 mg/L ammonia or Vibrio splendidus injection in secondary challenge outcomes,Matched diet without PS particles,Aquarium,3 aquaria per treatment,120 animals/aquarium; endpoint subsamples generally pooled within aquarium,"Authors describe the nominal dietary loading as environment-relevant, but dose comparability with field ingestion is uncertain",Body composition; digestive enzymes; ROS; MDA; SOD; CAT; cellular and humoral immunity; ammonia-detoxification and stress-response genes; IBR,Final dry weight; weight gain; specific growth rate; feed intake; pathogen-challenge mortality,YES for matched feeding outcomes and linked post-exposure challenge cohorts,Exact Table 2 mean ± SD growth data support six tank-level primary comparisons; most biomarkers are figure-only,No supplementary file required for the extracted core tables,Not reported,INCLUDE - strict particle-only feeding study; challenge outcomes are secondary co-stressor evidence,Manually verified - Batch 024,"Growth outcomes are replicated by three aquaria and quantitatively usable; most mechanistic outcomes are plotted, while pooled-animal sampling must remain nested within tanks.",YES,YES,YES,YES,YES,YES,YES,NO,,,,,,,Tank-replicated mean±SD growth data are quantitatively usable; most biomarker values remain figure-only and challenge outcomes are secondary.,2021,Echinoderm,Marine,Dietary,PS,Nano–micro mixed or boundary,Juvenile,Single-generation,Fully reusable for conventional effect size,2021,Echinoderm,Dietary,PS,Nano–micro mixed or boundary
B1-103,10.1021/acsomega.2c03378,https://doi.org/10.1021/acsomega.2c03378,Polystyrene Nanoplastic Exposure Induces Developmental Toxicity by Activating the Oxidative Stress Response and Base Excision Repair Pathway in Zebrafish (Danio rerio),Meilan Feng; Juanjuan Luo; Yiping Wan; Jiannan Zhang; Chunjiao Lu; Maya Wang; Lu Dai; Xiaoqian Cao; Xiaojun Yang; Yajun Wang,2022,2022,ACS Omega,0102_2022_Polystyrene_Nanoplastic_Exposure_Induces_Developmental_Toxicity_by_Activating_the_Oxidative_Stress_Respon_acsomega.2c03378.pdf(3).pdf,Danio rerio,Fish,Embryo and larva,Adults used only as broodstock,Single-generation early-life exposure,Freshwater E3 embryo medium,Polystyrene,Nanoplastic,100 nm,106 nm by DLS/SEM; zeta potential -22.3333 mV,Spherical,Pristine commercial particles,NO,Waterborne,Static 24-96 h exposure from 24 hpf in Petri dishes; endpoint-specific subsampling,24 hpf embryos,"24, 48, 72 or 96 h","0, 100, 200 and 400",mg/L,YES,,Untreated E3-medium control,Petri dish or replicate sample,3 independent replicates stated,"Methods state 100 embryos per dish, whereas figure captions state n=100 per group; other endpoints use 20-50 organisms/group",Very high concentrations relative to environmental levels,ROS; SOD; CAT; apoptosis markers; base-excision-repair gene expression,Survival; hatching; heart rate; body length; larval locomotion,YES - mechanistic and developmental outcomes were measured under the same exposure series,"Exact LC50, zeta potential, one survival percentage and ROS fold changes; remaining group values are figure-only",No supplementary file required for core outcomes,Not reported,INCLUDE - strict particle-only mechanistic study with high-dose and sample-size ambiguities,Manually verified - Batch 024,"The concentration range is 100-400 mg/L, and the statement of 100 embryos per dish conflicts with n=100 per group despite three replicates.",YES,YES,YES,NO,NO,UC,YES,NO,,,,,,,Most group values are figure-only and methods conflict between 100 embryos per dish and n=100 per group despite three replicates.,2022,Fish,Freshwater,Waterborne,PS,Nanoplastic,Embryo or larva,Single-generation,Directional or nonstandard evidence only,2022,Fish,Waterborne,PS,Nanoplastic
B1-104,10.1016/j.chemosphere.2022.136066,https://doi.org/10.1016/j.chemosphere.2022.136066,"Changes in life-history traits, antioxidant defense, energy metabolism and molecular outcomes in the cladoceran Daphnia pulex after exposure to polystyrene microplastics",Chenxi Zhu; Tongqing Zhang; Xiaowei Liu; Xiankun Gu; Daming Li; Jiawen Yin; Qichen Jiang; Wenyi Zhang,2022,2022,Chemosphere,0103_2022_Changes_in_life-history_traits_antioxidant_defense_energy_metabolism_and_molecular_outcomes_in_the_cladoc_j.chemosphere.2022.136066.pdf.pdf,Daphnia pulex,Crustacean,Neonate to adult cladoceran,Gravid females used only to produce standardized neonates,Single-generation chronic exposure,Freshwater laboratory,Polystyrene,Nanoplastic / submicron particle,500 nm,Primary diameter confirmed by TEM; exact measured distribution not numerically reported,Spherical beads,Virgin manufactured particles; no aging reported,Parallel fluorescently labeled beads,Waterborne,Semi-static; medium renewed every 2 d,<24 h neonates,14 d biomarker/proteomics; 21 d life-history; lifetime survival follow-up,"0, 0.5, 1, 2, 4",mg/L,YES,,Particle-free water control,"Beaker; separate replicate experiments for life history, biochemical assays and proteomics",4 for life history; 3 for biochemical and proteomic assays,5 neonates/beaker for life history; 40 pooled individuals/replicate for biochemical/proteomic assays,Mixed; concentrations were justified using highly contaminated freshwater examples but exceed many ambient conditions,Internal dose; antioxidant defense; oxidative damage; carbohydrate and lipid metabolism; proteomics,Survival/lifespan; body length; reproduction; population growth,PARTIAL - parallel experiments used matched treatments rather than the same individuals,Main outcomes are plotted as mean ± SE; exact arm means are not printed; exact p-values and omics counts are text-reported,Supplementary files exist online but were not supplied,Data available on request,INCLUDE,Manually verified,"Independent units are beakers, not the plotted number of sampled organisms. Life-history and biomarker cohorts were separate, so mechanistic-apical linkage is cohort-level.",PARTIAL,YES,YES,YES,YES,UC,YES,NO,,,,,,,"Life-history and biomarker cohorts were separate. Beaker replication is clear, but sampled-organism counts in figures do not always map cleanly to independent-unit n; exact means remain figure-only.",2022,Crustacean,Freshwater,Waterborne,PS,Nanoplastic,Multiple stages or life cycle,Single-generation,Partially reusable,2022,Crustacean,Waterborne,PS,Nanoplastic
B1-105,10.1016/j.jhazmat.2021.127589,https://doi.org/10.1016/j.jhazmat.2021.127589,Particles rather than released Zn2+ from ZnO nanoparticles aggravate microplastics toxicity in early stages of exposed zebrafish and their unexposed offspring,Jia-Lang Zheng; Xiao Chen; Li-Bin Peng; Dan Wang; Qing-Ling Zhu; Jiji Li; Tao Han,2022,2021,Journal of Hazardous Materials,0104_2022_Particles_rather_than_released_Zn2_from_ZnO_nanoparticles_aggravate_microplastics_toxicity_in_early_stage_j.jhazmat.2021.127589.pdf.pdf,Danio rerio,Fish,F0 embryo-larva and unexposed F1 larva,"F0 animals were exposed in early life, reared to adults and mated",F0 early-life exposure with F1 unexposed offspring assessment,Freshwater laboratory,Polystyrene,Microplastic,5 µm,SEM confirmed nominal 5 µm; exact mean size not reported,Spherical microspheres,Virgin manufactured particles; no aging reported,No fluorescent particle used for biological exposure,Waterborne,Daily complete renewal in ISO-standard water,0 dpf,F0 0-30 dpf; F1 assessed at 30 dpf without direct exposure,MP 500; ZnO NP 1200; dissolved Zn 500; mixtures,µg/L,YES,ZnO nanoparticles or ZnSO4-derived dissolved Zn2+,ISO-water control plus single co-stressor controls,Larval exposure tank/cohort; number and identity of independent tanks are not explicitly reported,Figure captions generally report N=3; exposure-tank replication is unclear,"Endpoint pools of 5, 10 or 20 larvae; 20 larvae for growth measurements",Low; concentrations were selected to avoid overt hatching and mortality rather than to represent typical environmental exposure,Internal Zn dose; oxidative stress; antioxidant defense; apoptosis; GH/IGF-axis expression,Body weight; body length; intergenerational growth,YES at cohort and lineage level,Exact text means ± SEM are available for a subset of F0 body-length arms; most outcomes are figure-only,Supporting information exists online but was not supplied,No public raw-data statement identified,INCLUDE,Manually verified,The article contains caption carry-over errors referring to Cd although the experiment uses ZnO/ZnSO4. Exact body-length values cannot be converted to independent-unit SD because exposure-unit replication is unclear.,YES,YES,YES,YES,YES,UC,UC,NO,,,,,,,"F0 and F1 lineage structure is clear, but independent exposure-tank replication is not. A subset of F0 body-length means is exact text; most values are plotted.",2021,Fish,Freshwater,Waterborne,PS,Microplastic,Multiple stages or life cycle,Inter- or multigenerational,Partially reusable,2021,Fish,Waterborne,PS,Microplastic
B1-106,10.3390/ijms23094934,https://doi.org/10.3390/ijms23094934,Alleviation of Tris(2-chloroethyl) Phosphate Toxicity on the Marine Rotifer Brachionus plicatilis by Polystyrene Microplastics: Features and Molecular Evidence,Wenqian Ma; Zijie Sun; Xin Zhang; Xuexi Tang; Xinxin Zhang,2022,2022,International Journal of Molecular Sciences,0105_2022_Alleviation_of_Tris(2-chloroethyl)_Phosphate_Toxicity_on_the_Marine_Rotifer_Brachionus_plicatilis_by_Poly_ijms23094934.pdf.pdf,Brachionus plicatilis,Rotifer,Larva and adult rotifer,Resting eggs and stock adults used to establish cultures,Single-generation particle-only and particle-TCEP co-exposure experiments,Marine laboratory,Polystyrene,Nanoplastic and microplastic,0.1 µm and 1 µm,Nominal monodisperse sizes supported by supplementary electron microscopy,Spherical solid microspheres,Virgin manufactured particles,Green fluorescent particles used in ingestion assay,Waterborne,Semi-static; 50% renewal daily for life-cycle test; endpoint-specific well/beaker designs,<2 h larvae for life-cycle and population tests,24 h molecular/oxidative assays; lifetime life-cycle test; population growth to plateau,"MP 20, 200, 2000 µg/L; TCEP 100 µg/L or 65 mg/L",µg/L and mg/L,YES,Tris(2-chloroethyl) phosphate (TCEP),Sterile-seawater control and TCEP-only controls,Well or beaker depending on endpoint,3 per treatment,"10 rotifers/well for life-cycle; 4/well for population growth; pooled 120 to 10,000 for biomarkers","Mixed; 20 µg/L was designated environmentally relevant, whereas 200-2000 µg/L and 65 mg/L TCEP were high-dose tests",Internal dose; stomach histology; oxidative stress; transcriptomics; P-gp/MRP/GST detoxification,Lifespan/survival; reproduction; population carrying capacity,PARTIAL - matched treatments were tested in separate cohorts,"All principal group means are figure- or supplement-based; exact directional results, DEG counts and one fold change are text-reported",Supplementary tables and figures exist online but were not supplied,Article states data are available in the article; no raw-data repository accession reported,INCLUDE,Manually verified,"Particle-only and TCEP co-exposure strata must remain separate. The n=12 figure notation reflects organisms per condition, whereas the independent experimental-unit count is three wells.",PARTIAL,YES,YES,YES,YES,YES,YES,NO,,,,,,,Endpoint-specific wells/beakers are described and three replicates were used. Biomarkers and population outcomes were generally measured in separate cohorts; supplementary numeric tables were not supplied.,2022,Rotifer,Marine,Waterborne,PS,Nano–micro mixed or boundary,Multiple stages or life cycle,Single-generation,Fully reusable for conventional effect size,2022,Rotifer,Waterborne,PS,Nano–micro mixed or boundary
B1-107,10.1016/j.ecoenv.2022.113843,https://doi.org/10.1016/j.ecoenv.2022.113843,"Environmentally relevant concentrations of microplastics modulated the immune response and swimming activity, and impaired the development of marine medaka Oryzias melastigma larvae",Jin-Can Chen; Chao Fang; Rong-Hui Zheng; Ming-Liang Chen; Duck-Hyun Kim; Young-Hwan Lee; Christyn Bailey; Ke-Jian Wang; Jae-Seong Lee; Jun Bo,2022,2022,Ecotoxicology and Environmental Safety,0106_2022_Environmentally_relevant_concentrations_of_microplastics_modulated_the_immune_response_and_swimming_activ_j.ecoenv.2022.113843.pdf.pdf,Oryzias melastigma,Fish,Larva,Adults used only as broodstock,Single-generation larval exposure,Marine laboratory,Polystyrene,Microplastic,6.0 µm,SEM confirmed a consistent 6.0 µm nominal size,Spherical microspheres,Virgin manufactured particles; no aging reported,Parallel fluorescently labeled and unlabeled particles,Waterborne,Daily renewal; dishes agitated every 4 h during light period,0 dph after hatching,14 d,"0, 1×10^2, 1×10^4, 1×10^6",particles/L,YES,,Artificial-seawater particle-free control,Petri dish,5 exposure dishes; endpoint-specific analyses used 3 or 5 replicate dishes,100 larvae/dish overall; mortality 40/dish; endpoint subsamples or pooled larvae,"Mixed; 10^2 particles/L is near reported field values, while 10^4-10^6 particles/L exceed the cited field range",Internal dose; immune and inflammation genes; mucin genes; oxidative-stress genes; metabolism genes,Survival; body length/width; locomotor behavior,YES at exposure-cohort level,One exact text internal-dose mean and several exact ranges are reported; most outcomes require supplementary tables or digitization,Supporting information exists online but was not supplied,No public raw-data statement identified,INCLUDE,Manually verified,Endpoint-specific independent units are replicate dishes. Reported particle-count-to-mass equivalents appear internally inconsistent and require source verification before unit conversion.,YES,YES,YES,YES,YES,YES,YES,NO,,,,,,,Replicate dishes and endpoint-specific pooled samples are reported. Exact arm values are mostly confined to supplementary Tables S2-S3 and plotted figures.,2022,Fish,Marine,Waterborne,PS,Microplastic,Embryo or larva,Single-generation,Fully reusable for conventional effect size,2022,Fish,Waterborne,PS,Microplastic
B1-108,10.1016/j.scitotenv.2022.156571,https://doi.org/10.1016/j.scitotenv.2022.156571,"Comprehensive understanding the impacts of dietary exposure to polyethylene microplastics on genetically improved farmed tilapia (Oreochromis niloticus): tracking from growth, microbiota, metabolism to gene expressions",Xing Lu; Jie-Xin Zhang; Lang Zhang; Di Wu; Juan Tian; Li-Juan Yu; Li He; Shan Zhong; Hao Du; Dong-Fang Deng; Yong-Zhen Ding; Hua Wen; Ming Jiang,2022,2022,Science of the Total Environment,0107_2022_Comprehensive_understanding_the_impacts_of_dietary_exposure_to_polyethylene_microplastics_on_genetically_j.scitotenv.2022.156571.pdf.pdf,Oreochromis niloticus,Fish,Juvenile,No reproductive adult role,Single-generation juvenile dietary exposure,Freshwater laboratory,High-density polyethylene,Microplastic,Nominal 50 and 125 µm,"10.80-46.40 µm, median 27.00 µm; 23.10-116.10 µm, median 62.85 µm",Irregular granules with unsmooth borders,Virgin manufactured particles; incorporated into formulated diet,No fluorescent label,Diet,Triplicate-tank 9-week feeding trial,Initial juvenile body weight about 4.52 g,9 weeks,"Nominal 0, 4 and 8% w/w; measured 0, 3.15, 7.62, 3.75 and 7.07 g/100 g dry diet",g/100 g dry diet (nominal % w/w),YES,,Basal diet with cellulose replacing PE-MP mass,Tank,3,25 fish/tank; endpoint subsamples drawn from each tank,Low; 4-8% dietary inclusion is a high laboratory exposure,Internal retention/excretion; digestive enzymes; gut microbiome; liver metabolome; brain and liver transcriptome,Growth; feed conversion; condition; survival,YES,Tables 1 and 2 provide exact tank-level mean ± SE; exact fecal and intestinal particle means are printed in text,Supplementary data exist online but were not supplied,Public SRA datasets PRJNA766334 and PRJNA766404 cover sequencing only,INCLUDE,Manually verified,Tank is the independent unit. Source SE was converted to SD using n=3 tanks for exact comparisons. Narrative text conflicts with Table 1 superscripts for survival significance.,YES,YES,YES,YES,YES,YES,YES,PARTIAL,,,,,,,"Exact tank-level means and SE are available for growth, survival and digestive enzymes. Sequencing raw data are public, but complete numeric outcome and omics tables remain supplementary.",2022,Fish,Freshwater,Dietary,PE family,Microplastic,Juvenile,Single-generation,Fully reusable for conventional effect size,2022,Fish,Dietary,PE family,Microplastic
B1-109,10.1016/j.chemosphere.2021.131868,https://doi.org/10.1016/j.chemosphere.2021.131868,Microplastics induced developmental toxicity with microcirculation dysfunction in zebrafish embryos,Sung Ho Park; Kiwoong Kim,2022,2021,Chemosphere,0113_2022_Microplastics_induced_developmental_toxicity_with_microcirculation_dysfunction_in_zebrafish_embryos_j.chemosphere.2021.131868.pdf.pdf,Danio rerio,Fish,Embryo and early larva,Adult fish were used only as breeders,Single-generation acute developmental exposure,Freshwater laboratory,Polystyrene,Microplastic and nanoplastic,1 µm MP and 0.4 µm NP,Broad measured size distributions with peaks near 1 and 0.4 µm,Spherical manufactured particles,Virgin particles; surface chemistry not reported,No particle label; fluorescent transgenic fish visualized vessels and heart,Waterborne,Static exposure in particle suspensions; renewal not reported,1 dpf,1 d for mortality; 3-4 d for vascular morphology and blood flow,"MP 15, 30, 45, 60; NP 7.5, 15, 22.5, 30",mg/L,YES,,DI-water control,Embryo exposure dish or cohort; independent experimental unit not stated,NR,NR,Low; all concentrations greatly exceeded reported ambient particle abundances,Caudal angiogenesis; heart morphology; regional RBC velocity and microcirculation,Mortality; caudal body growth,"YES at treatment-cohort level, but endpoint cohorts are not mapped",PARTIAL - exact text percentages for selected outcomes; most outcomes are figure-only,Supplementary heart image cited; no numeric supplement supplied,NR,INCLUDE,Manually verified,"Sample size, replicate number and experimental-unit structure are not reported. Exact effects are therefore descriptive rather than variance-complete.",YES,YES,YES,YES,NO,NO,UC,NO,,,,,,,"Developmental, vascular and hemodynamic outcomes are coherently linked, but sample sizes and experimental units are not reported and almost all values are plotted.",2021,Fish,Freshwater,Waterborne,PS,Nano–micro mixed or boundary,Embryo or larva,Single-generation,Partially reusable,2021,Fish,Waterborne,PS,Nano–micro mixed or boundary
B1-110,10.1016/j.cbpc.2022.109278,https://doi.org/10.1016/j.cbpc.2022.109278,Effects of nanoplastic exposure on the growth performance and molecular characterization of growth-associated genes in juvenile Macrobrachium nipponense,Yiming Li; Xinglin Du; Qichen Jiang; Yingying Huang; Yunlong Zhao,2022,2022,Comparative Biochemistry and Physiology Part C,0114_2022_Effects_of_nanoplastic_exposure_on_the_growth_performance_and_molecular_characterization_of_growth-associ_j.cbpc.2022.109278.pdf.pdf,Macrobrachium nipponense,Crustacean,Juvenile prawn,,Single-generation chronic exposure,Freshwater laboratory,Polystyrene,Nanoplastic,75 nm nominal,71.18 ± 6.03 nm by TEM,Spherical beads,Virgin particles; stable aqueous suspension,No fluorescent label reported,Waterborne,Semi-static; half of the 3-L solution replaced every 2 d,"Juvenile, 0.14 ± 0.06 g","28 d; sampling at 7, 14, 21 and 28 d","0, 5, 10, 20, 40",mg/L,YES,,Freshwater control,Tank,3 tanks per concentration,40 shrimp per tank; endpoint figures report n=20 sampled shrimp,Low to mixed; environmental nanoplastic concentrations are unknown and 10-40 mg/L are high,Hepatopancreas histology; digestive enzymes; molting genes; CDK2 expression,No directly measured apical growth endpoint in this article; growth and molting performance are interpreted using a related prior study,NO - the supplied article measures mechanistic growth proxies only,"FIGURE-LIMITED - means and SE are plotted, not tabulated",Supplementary methods cited but not supplied,NR,INCLUDE,Manually verified,"Tank replication is clear, but the reported n=20 in figures represents sampled shrimp rather than independent tanks. No arm mean was transcribed from bar height.",NO,YES,YES,YES,YES,YES,YES,NO,,,,,,,"Three replicate tanks are reported, but this article contains mechanistic growth proxies without a directly measured apical growth endpoint. Figures report sampled-shrimp n rather than tank-level arm means.",2022,Crustacean,Freshwater,Waterborne,PS,Nanoplastic,Juvenile,Single-generation,Fully reusable for conventional effect size,2022,Crustacean,Waterborne,PS,Nanoplastic
B1-111,10.1139/cjz-2021-0044,https://doi.org/10.1139/cjz-2021-0044,Petroleum-based and biodegradable microplastics alter tissue structure and fecundity in the eastern mudsnail (Ilyanassa obsoleta),Ben Hewins; Glenys Gibson,2022,2022,Canadian Journal of Zoology,0115_2022_Petroleum-based_and_biodegradable_microplastics_alter_tissue_structure_and_fecundity_in_the_eastern_mudsn_cjz-2021-0044.pdf.pdf,Ilyanassa obsoleta,Mollusc,Adult snail,Field adults were collected for laboratory exposure,Single-generation chronic dietary-sediment exposure,Marine/intertidal laboratory,"Mixed PS, PE, PP, PVC and PET; biodegradable PLA",Microplastic,Approximately 1-500 µm measurable range; median around 50 µm,MS particles were larger than food particles; PLA overlapped the food-size distribution,Irregular smooth and jagged fragments,MS particles were weathered beach debris; PLA was milled virgin 3D-printer filament,No,Dietary/sediment-associated with possible resuspension,Daily exposure in biofilm-sediment food; aquaria cleaned and refilled daily,Adult,1 month plus 24 h depuration,"MS 0, 75, 2250, 75000 particles/kg sediment; PLA 75000",particles/kg sediment,YES,Naturally occurring trematode infection was included as a model factor,Tween-treated sediment control; field egg capsules as fecundity reference,Aquarium for exposure; snail for tissue analysis,Aquarium replication NR; 10 snails/group for histology,10 snails/group; five repeated tissue fields per snail,"Mixed; 2250 particles/kg was locally relevant, whereas 75000 particles/kg was extreme",Hepatopancreas epithelial integrity; granule distribution; epithelial height; hemocyte response,Fecundity; survival was complete in all laboratory groups,YES at exposure-group level; tissue and egg-capsule samples were not the same individuals,PARTIAL - exact model contrasts and one field fecundity mean; treatment means are plotted,No supplementary dataset identified,NR,INCLUDE,Manually verified,Exposure-aquarium replication is not stated and may be one aquarium per treatment. Individual-snail GLM results therefore do not establish replicated exposure-level effects.,YES,YES,YES,YES,YES,YES,UC,NO,,,,,,,"Exact GLM contrasts and field fecundity mean are available. Ten snails per group are analyzed, but exposure-aquarium replication is not reported and treatment means remain plotted.",2022,Mollusc,Brackish or estuarine,Sediment-associated,Mixed polymers,Microplastic,Adult,Single-generation,Partially reusable,2022,Mollusc,Sediment-associated,Mixed polymers,Microplastic
B1-112,10.1016/j.scitotenv.2021.147154,https://doi.org/10.1016/j.scitotenv.2021.147154,"The thermal regime modifies the response of aquatic keystone species Daphnia to microplastics: Evidence from population fitness, accumulation, histopathological analysis and candidate gene expression",Kai Lyu; Cheng Cao; Da Li; Siddiq Akbar; Zhou Yang,2021,2021,Science of the Total Environment,0117_2021_The_thermal_regime_modifies_the_response_of_aquatic_keystone_species_Daphnia_to_microplastics_Evidence_fr_j.scitotenv.2021.147154.pdf.pdf,Daphnia magna,Crustacean,Neonate to adult cladoceran,Stock adults produced standardized F3 neonates,Single-generation chronic temperature-by-particle factorial exposure,Freshwater laboratory,Polystyrene,Microplastic,1.25 µm,Particle characterization reported in supplementary information,Spherical microspheres,Virgin particles,Green fluorescent counterpart used only for ingestion assay,Waterborne,Daily-renewal chronic exposure; endpoint-specific parallel cohorts,<24 h neonate; 6-d-old animals for qPCR,24 h accumulation/histology/qPCR and 21 d population fitness,"0, 0.5, 1, 2 mg/L at 15, 20 and 30 °C",mg/L,YES,Temperature regime,Matched particle-free control at each temperature,Jar,5 jars per treatment combination for population fitness,5 animals per 200-mL jar; histology and qPCR independent n not explicitly stated,Low to mixed; concentrations are high but the temperature regimes are ecologically informative,"Particle accumulation; intestinal histopathology; AK, ETE, Hsp70, VTG and SOD expression",Longevity/survival; net reproduction; intrinsic population growth,PARTIAL - parallel endpoint-specific cohorts,PARTIAL - exact model coefficients and eta-squared values; arm means are boxplots,Supplementary characterization and formulas cited but not supplied,NR,INCLUDE,Manually verified,"Temperature is an effect modifier, not a contaminant. Within-temperature particle contrasts are primary, but no variance-complete arm means are printed.",PARTIAL,YES,YES,YES,YES,YES,YES,NO,,,,,,,"Population fitness has five replicate jars per treatment and exact factorial statistics. Biomarker cohorts are parallel, qPCR biological n is unclear and arm means are boxplots.",2021,Crustacean,Freshwater,Waterborne,PS,Microplastic,Multiple stages or life cycle,Single-generation,Fully reusable for conventional effect size,2021,Crustacean,Waterborne,PS,Microplastic
B1-113,10.1016/j.scitotenv.2021.148822,https://doi.org/10.1016/j.scitotenv.2021.148822,"Long-term exposure of Daphnia magna to polystyrene microplastic (PS-MP) leads to alterations of the proteome, morphology and life-history",Benjamin Trotter; Magdalena V. Wilde; Julian Brehm; Evdokia Dafni; Arlinda Aliu; Georg J. Arnold; Thomas Fröhlich; Christian Laforsch,2021,2021,Science of the Total Environment,0118_2021_Long-term_exposure_of_Daphnia_magna_to_polystyrene_microplastic_(PS-MP)_leads_to_alterations_of_the_prote_j.scitotenv.2021.148822.pdf.pdf,Daphnia magna,Crustacean,Neonate to reproductive adult,Stock adults produced synchronized third-clutch neonates,Single-generation chronic exposure,Freshwater laboratory,Polystyrene,Microplastic,<20 µm,13.03 ± 7.75 µm,Irregular milled fragments,Virgin Styrolation 158n fragments milled under dry ice,No,Waterborne,Semi-static individual-vial exposure; medium changed weekly,<24 h neonate,"Up to 19 d, ending when the third brood reached late development",0 and 101.6,mg/L,YES,,M4-medium control,Individual 25-mL glass vial,30 individual vials per arm; proteomics used 5 individuals per arm,One daphnid per vial,Low; 101.6 mg/L was deliberately above prior EC50-scale concentrations,Proteome; digestive enzymes; sulfation; cuticle and oxidative-stress pathways,Mortality; body length; body width; offspring production,YES - proteomics animals were sampled from the same exposure experiment but were different individuals from the full apical dataset,PARTIAL - exact mortality counts and text statistics; phenotype means are boxplots,Supplementary protein tables and morphology diagram are online but not supplied,ProteomeXchange PRIDE PXD025108,INCLUDE,Manually verified,"Independent units are individual vials. Exact binary mortality data are meta-analysis-ready, whereas continuous phenotype means and variances require source data.",YES,YES,YES,YES,YES,YES,YES,PARTIAL,,,,,,,"Individual-vial replication and exact mortality counts are strong. Continuous phenotype means are figure-only, but proteomics raw data are public under PXD025108.",2021,Crustacean,Freshwater,Waterborne,PS,Microplastic,Multiple stages or life cycle,Single-generation,Fully reusable for conventional effect size,2021,Crustacean,Waterborne,PS,Microplastic
B1-114,10.1016/j.marenvres.2021.105377,https://doi.org/10.1016/j.marenvres.2021.105377,Insight into the immune and microbial response of the white-leg shrimp Litopenaeus vannamei to microplastics,Zhenlu Wang; Lanfen Fan; Jun Wang; Shaolin Xie; Chaonan Zhang; Jiang Zhou; Li Zhang; Guohuan Xu; Jixing Zou,2021,2021,Marine Environmental Research,0119_2021_Insight_into_the_immune_and_microbial_response_of_the_white-leg_shrimp_Litopenaeus_vannamei_to_microplast_j.marenvres.2021.105377.pdf.pdf,Litopenaeus vannamei,Crustacean,Juvenile shrimp,,Single-generation short-term exposure,Brackish-water laboratory,Polyethylene,Microplastic,5 µm,Commercial nominal diameter; no new size measurement reported,Fluorescent microspheres,Virgin manufactured particles; red fluorescent label,Yes; red fluorescent,Waterborne,Static 48-h exposure in 200-mL beakers; no feeding or additional aeration,"Juvenile, 1.33 ± 0.23 cm and 16.9 ± 3.9 mg",48 h,"0, 50, 500, 5000",µg/L,YES,,Particle-free rearing-water control,Beaker,3 beakers per concentration,20 shrimp per beaker,Low to mixed; upper doses exceed typical ambient concentrations,"Particle uptake; immune-gene expression; gut microbiome richness, diversity, composition and predicted function",Survival,YES; parallel subsamples from the same exposure beakers,"PARTIAL - exact survival means, pathway percentages and taxon-concentration correlations; most gene and community values are plotted",Supplementary tables and methods are cited online but were not supplied separately,No sequence accession or complete raw numeric dataset stated in the main article,INCLUDE,Manually verified,"Beaker replication is explicit. Survival SD is only graphical/Table S3, and some text calls the particles polystyrene although Methods and cited FTIR identify polyethylene.",YES,YES,YES,YES,YES,YES,YES,NO,,,,,,,"Beaker replication and treatment mapping are clear. Exact survival means and selected microbiome statistics are available, but most means/SD and raw sequence data are not public in the main report.",2021,Crustacean,Brackish or estuarine,Waterborne,PE family,Microplastic,Juvenile,Single-generation,Fully reusable for conventional effect size,2021,Crustacean,Waterborne,PE family,Microplastic
B1-115,10.1016/j.scitotenv.2020.143558,https://doi.org/10.1016/j.scitotenv.2020.143558,Polystyrene microplastics alter the intestinal microbiota function and the hepatic metabolism status in marine medaka (Oryzias melastigma),Shibo Feng; Yanhua Zeng; Zhonghua Cai; Jiajun Wu; Leo Lai Chan; Jianming Zhu; Jin Zhou,2021,2020,Science of the Total Environment,0123_2021_Polystyrenemicroplastics_alter_the_intestinalmicrobiota_function_and_the_hepatic_metabolism_status_in_mar_j.scitotenv.2020.143558.pdf.pdf,Oryzias melastigma,Fish,"Adult male, 3 months old",Directly exposed adult male,Single-generation chronic dietary exposure,Marine/estuarine laboratory,Polystyrene,Microplastic,2 and 200 µm,Sizes and morphology checked by fluorescence microscopy; exact distributions not tabulated,Fluorescent microspheres,"Virgin manufactured particles, ultrasonicated and DI-water washed",Yes,Diet,PS-MPs premixed into food; triplicate 20-L tanks; fed twice daily,3-month-old male medaka,"28 d; sampling at 1, 2 and 4 weeks",0; 0.3 and 3.0 for each particle size,µg/mg feed,YES,,Identical food without PS-MPs,Tank,3 tanks per group,Approximately 200 fish per tank; endpoint-specific pooled subsamples,Moderate by authors' mass-equivalent water estimate; dietary delivery and high local gut dose limit direct field equivalence,Gut particle burden and histology; hepatic oxidative stress; gut microbiome; GeoChip microbial functions; hepatic transcriptomics and metabolism,Body weight and body length,"YES; endpoints arise from the same treatment groups, generally in parallel subsamples",PARTIAL - four exact gut accumulation means ± SD; other physiological means are figure-only; sequencing raw data are public,Supporting information exists online but was not supplied separately,Public NCBI sequence datasets SRP262598 and SRP262600,INCLUDE,Manually verified,"Tank-level replication is strong. Exact gut burden data are available, but the particle-free control is background-corrected to zero and cannot support lnRR.",YES,YES,YES,YES,YES,YES,YES,PARTIAL,,,,,,,"Triplicate tanks and exact intestinal-burden means ± SD are available. Most host outcomes are plotted, while 16S and transcriptome sequence data are public but do not provide all phenotype values.",2020,Fish,Brackish or estuarine,Dietary,PS,Microplastic,Adult,Single-generation,Fully reusable for conventional effect size,2020,Fish,Dietary,PS,Microplastic
B1-116,10.1016/j.envpol.2020.115890,https://doi.org/10.1016/j.envpol.2020.115890,Effects of nanoplastics on energy metabolism in the oriental river prawn (Macrobrachium nipponense),Yiming Li; Zhiquan Liu; Yuan Yang; Qichen Jiang; Donglei Wu; Youhui Huang; Yang Jiao; Qiang Chen; Yinying Huang; Yunlong Zhao,2021,2020,Environmental Pollution,0124_2021_Effects_of_nanoplastics_on_energy_metabolism_in_the_oriental_river_prawn_(Macrobrachium_nipponense)_j.envpol.2020.115890.pdf.pdf,Macrobrachium nipponense,Crustacean,Juvenile prawn,,Single-generation chronic exposure,Freshwater laboratory,Polystyrene,Nanoplastic,75 nm,TEM and DLS characterization in supporting information,Spherical nanoparticles,Virgin particles; sodium azide stabilizer removed by centrifugation and washing,No,Waterborne,Semi-static 3-L tanks; half-water replacement every 2 d,"Juvenile, 0.14 ± 0.06 g and 22.96 ± 3.87 mm","28 d; sampling at 7, 14, 21 and 28 d","0, 5, 10, 20, 40",mg/L,YES,,Particle-free freshwater control,Tank,3 tanks per concentration,40 shrimp per tank; 20 shrimp reported for terminal growth measurements,Low; concentrations are high relative to expected environmental nanoplastic burdens,Energy stores; glycolytic and lipid-metabolism enzymes; metabolic gene expression,Survival; growth; weight gain; molting,YES,"PARTIAL - exact mean ± SD Table 1 growth data; biochemical, enzyme and gene outcomes are figure-only",Supporting information exists online but was not supplied separately,NR,INCLUDE,Manually verified,This report appears to share the same exposure design and likely cohort with B1-110. Table 1 reports n=20 for growth despite three exposure tanks; survival percentages appear tank-level and are retained as the only new primary comparisons.,YES,YES,YES,YES,YES,UC,YES,NO,,,,,,,"Exact Table 1 means ± SD are available. Three tanks are explicit, but n=20 for individual growth outcomes is not mapped to tank-level summaries; only survival rates are used as primary comparisons.",2020,Crustacean,Freshwater,Waterborne,PS,Nanoplastic,Juvenile,Single-generation,Partially reusable,2020,Crustacean,Waterborne,PS,Nanoplastic
B1-117,10.1016/j.envint.2021.106452,https://doi.org/10.1016/j.envint.2021.106452,Size-dependent adverse effects of microplastics on intestinal microbiota and metabolic homeostasis in the marine medaka (Oryzias melastigma),Xu Zhang; Kai Wen; Dongxiao Ding; Jintao Liu; Zhao Lei; Xiaoxuan Chen; Guozhu Ye; Jie Zhang; Heqing Shen; Changzhou Yan; Sijun Dong; Qiansheng Huang; Yi Lin,2021,2021,Environment International,0125_2021_Size-dependent_adverse_effects_of_microplastics_on_intestinal_microbiota_and_metabolic_homeostasis_in_the_j.envint.2021.106452.pdf.pdf,Oryzias melastigma,Fish,"Adult, 8 months old","Directly exposed adults, both sexes",Single-generation chronic exposure,Marine laboratory,Polystyrene,Microplastic,"2, 10 and 200 µm",Commercial nominal sizes; no independent distribution table in main text,Microspheres,Virgin manufactured particles,Not reported,Waterborne,Daily-renewal 2-L tanks with continuous aeration,8-month-old adults,60 d,0 and 10 for each size,mg/L,YES,,Particle-free artificial seawater control,Tank,4 tanks per group,"8 fish per tank, 4 male and 4 female",Low; 10 mg/L is much higher than typical marine concentrations,"Adipose and liver histopathology; lipid, inflammatory and oxidative-stress genes; gut microbiome structure and predicted function",Body weight; body length; egg production; feeding time,YES; parallel tissue and microbiome subsamples from the same tank design,FIGURE-LIMITED - means ± SEM and n are reported in figures; exact correlation R² and P values and OTU counts are printed,Supplementary figures and tables exist online but were not supplied separately,No accession stated in the main article,INCLUDE,Manually verified,Four tanks per group are explicit. Most outcomes are plotted and cannot be entered as exact arm means without source data; microbiome samples pool four fish within each tank.,YES,YES,YES,YES,YES,YES,YES,NO,,,,,,,"Four tanks per group and endpoint n are clear, but nearly all means are figure-only and no sequence accession is stated.",2021,Fish,Marine,Waterborne,PS,Microplastic,Adult,Single-generation,Fully reusable for conventional effect size,2021,Fish,Waterborne,PS,Microplastic
B1-118,10.1016/j.jhazmat.2020.123044,https://doi.org/10.1016/j.jhazmat.2020.123044,"Integrated response of growth, antioxidant defense and isotopic composition to microplastics in juvenile guppy (Poecilia reticulata)",Jun-Nan Huang; Bin Wen; Liu-Jiang Meng; Xin-Xin Li; Mei-Hui Wang; Jian-Zhong Gao; Zai-Zhong Chen,2020,2020,Journal of Hazardous Materials,0127_2020_Integrated_response_of_growth_antioxidant_defense_and_isotopic_composition_to_microplastics_in_juvenile_g_j.jhazmat.2020.123044.pdf.pdf,Poecilia reticulata,Fish,Juvenile,,Single-generation chronic exposure,Freshwater laboratory,Polystyrene,Microplastic,32-40 µm,Prior particle-size analysis reported no obvious aggregation,Spherical fluorescent beads,Virgin manufactured particles,"Yes; green fluorescence, excitation 488 nm and emission 518 nm",Waterborne,Semi-static; one-third water renewed every other day with particle redosing and continuous aeration,"Juvenile, 0.174 ± 0.043 g",28 d,"0, 100, 1000",µg/L,YES,,Particle-free water control,Tank,3 tanks per group,20 fish per tank; biochemical samples pooled within tanks,"Mixed; 100 µg/L was described as highly polluted but environmentally relevant, 1000 µg/L is elevated",Gill and gut particle burden; antioxidant systems; lipid peroxidation; Na+/K+-ATPase; elemental and stable-isotope composition; integrated biomarker response,Survival; specific growth rate; condition factor,YES,"PARTIAL - exact survival statement, ANOVA statistics and IBR values; arm means and SD are figure-only",No separate supplement identified in the supplied article,NR,INCLUDE,Manually verified,"Three tanks are the exposure units, although growth figures label n=60 fish. The abstract says δ13C declined while Results describe enrichment; exact arm values are needed to resolve sign convention.",YES,YES,YES,YES,YES,YES,YES,NO,,,,,,,"Three tanks per group are explicit. Exact F tests, P values, IBR indices and zero-mortality counts are available, but arm means/SD remain figure-only and growth n=60 is nested within tanks.",2020,Fish,Freshwater,Waterborne,PS,Microplastic,Juvenile,Single-generation,Fully reusable for conventional effect size,2020,Fish,Waterborne,PS,Microplastic
B1-119,10.1039/d0en00553c,https://doi.org/10.1039/d0en00553c,"Polystyrene nanoplastics accumulate in ZFL cell lysosomes and in zebrafish larvae after acute exposure, inducing a synergistic immune response in vitro without affecting larval survival in vivo",Irene Brandts; Marlid Garcia-Ordoñez; Lluis Tort; Mariana Teles; Nerea Roher,2020,2020,Environmental Science: Nano,0128_2020_Polystyrene_nanoplastics_accumulate_in_ZFL_cell_lysosomes_and_in_zebrafish_larvae_after_acute_exposure_in_d0en00553c.pdf.pdf,Danio rerio,Fish,Zebrafish liver and gut cell lines; larvae from 3 dpf,,Combined in-vitro and acute in-vivo challenge study,Freshwater laboratory,Polystyrene,Nanoplastic,Nominal approximately 65 nm,DLS 59.6-71.3 nm depending on medium/time; FESEM 64.9-65.2 nm,Spherical,Virgin fluorescent particles supplied in water with 2 mM sodium azide,Yes; Dragon Green,Cell-culture medium and waterborne larval immersion,Cell viability and uptake 6-72 h; larvae immersed 48-96 h; bacterial challenge followed for 6 d,ZFL/RTGut cells; zebrafish larvae starting at 3 dpf,6-72 h in vitro; 48-96 h larval exposure; 6 d post-infection,0-1000,mg/L,YES,poly(I:C) viral mimic; Aeromonas hydrophila,Untreated cell medium or E3 controls; pathogen-only controls,Independent cell-culture experiment for in-vitro assays; individually housed larvae for infection survival,"Three independent cell experiments for viability/uptake, four RNA samples from two experiments; 14 or 72 larvae per condition",One larva per well; cell-culture replicate,Low; concentrations are high relative to likely environmental burdens,Cell viability; cellular uptake; lysosomal localization; antiviral gene expression; lipid peroxidation; tissue fluorescence,Larval survival before and after bacterial challenge,PARTIAL; in-vitro and in-vivo endpoints are separate experiments,"PARTIAL - several exact text values, but most dose-response and survival curves are graphical",ESI cited but not supplied separately,No complete raw numeric dataset reported,INCLUDE,Manually verified,The paper combines cell-line and larval experiments. Figure 4 contains a unit typo (mg/mL) whereas all methods/results and stock calculations support mg/L. Acute infection survival is graphical and should not be reconstructed from curves.,PARTIAL,YES,YES,YES,YES,YES,YES,NO,,,,,,,"Exact cell and uptake values are available, but most outcomes and infection survival are graphical. In-vitro and in-vivo experiments must not be pooled as the same biological unit.",2020,Fish,Freshwater,Cell culture,PS,Nanoplastic,Embryo or larva,Single-generation or unclear,Fully reusable for conventional effect size,2020,Fish,Cell culture,PS,Nanoplastic
B1-120,10.1016/j.envpol.2019.113506,https://doi.org/10.1016/j.envpol.2019.113506,Effects of nanoplastics at predicted environmental concentration on Daphnia pulex after exposure through multiple generations,Zhiquan Liu; Mingqi Cai; Donglei Wu; Ping Yu; Yang Jiao; Qichen Jiang; Yunlong Zhao,2020,2019,Environmental Pollution,0129_2020_Effects_of_nanoplastics_at_predicted_environmental_concentration_on_Daphnia_pulex_after_exposure_through_j.envpol.2019.113506.pdf.pdf,Daphnia pulex,Cladoceran,"Neonates to 21-day adults across F0, F1 and F2; F2 recovery lineage",,Three-generation continuous exposure plus F2 recovery,Freshwater laboratory,Polystyrene,Nanoplastic,75 nm,Previous TEM mean 71.18 nm; stable by DLS for one month,Spherical microspheres,Virgin manufactured particles,No,Waterborne,Static-renewal; medium renewed every 48 h; 21-d lifecycle test per generation,<24-h third-brood neonates,21 d per generation; three successive exposed generations,"0, 1",µg/L,YES,,Generation-matched particle-free controls and an F2 recovery group,Individual 50-mL flask for life history; 1-L replicate flask for molecular/enzymatic endpoints,10 individual flasks per arm for life history; 4 replicate flasks per arm for molecular endpoints,One animal per life-history flask; 20 animals per molecular replicate,High relative to the authors predicted environmental concentration,"Antioxidant enzymes and genes; heat-shock, development, biotransformation, vitellogenin and energy-metabolism genes",Survival; body length; growth rate; clutch production; total offspring,YES at generation and cohort level,PARTIAL - exact zero-mortality counts; all continuous outcomes are plotted,Supplementary figures and tables cited but not supplied separately,NR,INCLUDE,Manually verified,"The design has clear within-generation replication, but F1/F2 lineages descend from exposed parents and are not statistically independent generations. Continuous means and variance remain figure-only.",YES,YES,YES,YES,YES,YES,YES,NO,,,,,,,Life-history and molecular replicate structures are clear. Continuous means/variance are figure-only; only exact zero-mortality counts are directly usable without digitization.,2019,Crustacean,Freshwater,Waterborne,PS,Nanoplastic,Multiple stages or life cycle,Inter- or multigenerational,Fully reusable for conventional effect size,2019,Crustacean,Waterborne,PS,Nanoplastic
B1-121,10.1016/j.scitotenv.2019.136479,https://doi.org/10.1016/j.scitotenv.2019.136479,Polyvinyl chloride microplastics induce growth inhibition and oxidative stress in Cyprinus carpio var. larvae,Xiaohua Xia; Menghan Sun; Miao Zhou; Zhongjie Chang; Li Li,2020,2019,Science of the Total Environment,0130_2020_Polyvinyl_chloride_microplastics_induce_growth_inhibition_and_oxidative_stress_in_Cyprinus_carpio_var._la_j.scitotenv.2019.136479.pdf.pdf,Cyprinus carpio var.,Fish,120-day-old carp described as larvae,,Single-generation chronic dietary exposure,Freshwater laboratory,Polyvinyl chloride,Microplastic,100-200 µm,SEM-based diameter range approximately 100-200 µm,Irregular particles with rough surfaces,Virgin pure PVC without additives,No,Diet,"Commercial feed containing 0, 10, 20 or 30% PVC by weight; 30- and 60-d sampling",Initial 12.11 ± 2.47 g and 8.58 ± 0.87 cm,60 d; endpoints at 30 and 60 d,"0, 10, 20, 30",% diet by weight,YES,,PVC-free commercial-feed control,Tank,One apparent tank per treatment; pooled fish were treated as technical/biological repeats,50 fish per tank initially; endpoint-specific pooled fish,Low; very high dietary fractions despite water-equivalent concentrations being presented,Antioxidant enzymes; lipid peroxidation; CYP1A/GST expression; liver histology,Survival; weight growth; body-length growth,YES within the same tank cohort,PARTIAL - exact zero mortality and qualitative/significance results; continuous means are graphical,Supplementary primer table cited but not supplied separately,NR,INCLUDE,Manually verified,"Treatment appears confounded with a single tank per dose. Fish-level and pooled-tissue repeats do not provide independent exposure replication, so no continuous primary comparison is retained.",YES,YES,YES,YES,YES,NO,YES,NO,,,,,,,"Treatment-to-control mapping is clear, but one apparent tank per treatment makes fish-level and pooled-tissue variance pseudoreplicated.",2019,Fish,Freshwater,Dietary,PVC,Microplastic,Embryo or larva,Single-generation,Partially reusable,2019,Fish,Dietary,PVC,Microplastic
B1-122,10.1016/j.envpol.2020.115295,https://doi.org/10.1016/j.envpol.2020.115295,"Long-term exposure to microplastics induces oxidative stress and a pro-inflammatory response in the gut of Sparus aurata Linnaeus, 1758",Antonia Solomando; Xavier Capó; Carme Alomar; Elvira Álvarez; Montserrat Compa; José María Valencia; Samuel Pinya; Salud Deudero; Antoni Sureda,2020,2020,Environmental Pollution,0131_2020_Long-term_exposure_to_microplastics_induces_oxidative_stress_and_a_pro-inflammatory_response_in_the_gut_o_j.envpol.2020.115295.pdf.pdf,Sparus aurata,Fish,"Juvenile, 7 months old",,Chronic dietary exposure followed by depuration,Marine laboratory,Low-density polyethylene,Microplastic,200-500 µm,Ground and sieved to 200-500 µm,Irregular ground particles,Virgin pellet-derived particles,No,Diet,Control diet or 10% LDPE diet for 90 d; both groups control diet for 30-d depuration,44.9 ± 3.1 g and 11.8 ± 0.3 cm,90 d exposure plus 30 d depuration,0 and 10,% diet by weight,YES,,Filler-matched control diet; contemporaneous control tanks through 120 d,Tank,3 tanks per diet,100 fish per tank; 3 fish sampled per tank and time point,Low to moderate; dietary fraction is high but long-term exposure and recovery are informative,"Gut particle burden; antioxidant, detoxification, oxidative-damage and inflammatory biomarkers",Mortality; body weight; length; Fulton condition factor,YES; parallel fish from the same tanks at each sampling,PARTIAL - exact ingestion-index means ± SEM and exact condition-factor summary; biomarker means are graphical,No separate supplement supplied,NR,INCLUDE,Manually verified,"Treatment replication is three tanks, but reported biomarker and ingestion-index SEMs are calculated across nine fish rather than tank means. Exact values are retained descriptively and excluded from primary meta-analysis.",YES,YES,YES,YES,YES,UC,YES,NO,,,,,,,"Three tanks per diet are explicit, but exact SEMs were computed across nine fish and tank-level means/variance are not reported.",2020,Fish,Marine,Dietary,PE family,Microplastic,Juvenile,Single-generation or unclear,Partially reusable,2020,Fish,Dietary,PE family,Microplastic
B1-123,10.1016/j.scitotenv.2019.136279,https://doi.org/10.1016/j.scitotenv.2019.136279,"Polystyrene microplastic exposure disturbs hepatic glycolipid metabolism at the physiological, biochemical, and transcriptomic levels in adult zebrafish",Yao Zhao; Zhiwei Bao; Zhiqing Wan; Zhengwei Fu; Yuanxiang Jin,2020,2019,Science of the Total Environment,0132_2020_Polystyrene_microplastic_exposure_disturbs_hepatic_glycolipid_metabolism_at_the_physiological_biochemical_j.scitotenv.2019.136279.pdf.pdf,Danio rerio,Fish,"Adult male, 6 months old",Directly exposed adult male,Single-generation subchronic exposure,Freshwater laboratory,Polystyrene,Microplastic,5 µm,Commercial nominal size; morphology referenced to a previous study,Regular spherical beads,"Virgin particles, sonicated before dilution",No,Waterborne,Semi-static; fresh exposure solution every other day,Adult male AB strain,21 d,"0, 20, 100",µg/L,YES,,Particle-free water control,Tank,"Four tanks per group are stated, but endpoint cohorts were taken from subsets of tanks and pooling is complex",9 fish per tank; condition factor n=20 fish; biochemical/qPCR pooled livers; transcriptome pooled samples,"Moderate by concentration, but laboratory particles and pooled liver designs limit direct inference",Hepatic biochemical metabolites; glycolipid-metabolism qPCR; transcriptome and pathway enrichment,Mortality; body weight; body length; condition factor,YES at treatment-group level,PARTIAL - Table 1 exact means ± SEM; biochemical and qPCR values are graphical; transcriptome counts are exact,Supplementary primer table cited but not supplied separately,No sequence accession or full expression matrix reported,INCLUDE,Manually verified,"Reported n values are fish or pooled-liver samples, while treatment was assigned by tank. Tank-level variance and exact endpoint-to-tank mapping are unavailable, so exact Table 1 values are descriptive only.",YES,YES,YES,YES,YES,UC,YES,NO,,,,,,,"Exact Table 1 means and SEM are available, but tank-level allocation and variance for n=20 fish and pooled-liver samples are unresolved.",2019,Fish,Freshwater,Waterborne,PS,Microplastic,Adult,Single-generation,Partially reusable,2019,Fish,Waterborne,PS,Microplastic
B1-124,10.1016/j.chemosphere.2018.09.176,https://doi.org/10.1016/j.chemosphere.2018.09.176,"Polystyrene nanoplastic exposure induces immobilization, reproduction, and stress defense in the freshwater cladoceran Daphnia pulex",Zhiquan Liu; Ping Yu; Mingqi Cai; Donglei Wu; Meng Zhang; Youhui Huang; Yunlong Zhao,2019,2018,Chemosphere,0133_2019_Polystyrene_nanoplastic_exposure_induces_immobilization_reproduction_and_stress_defense_in_the_freshwater_j.chemosphere.2018.09.176.pdf.pdf,Daphnia pulex,Cladoceran,<24-h neonates through 21-day adults,,Single-generation acute immobilization and chronic reproduction tests,Freshwater laboratory,Polystyrene,Nanoplastic,75 nm,Commercial monodisperse particles; FTIR and aggregation characterization referenced to prior work,Spherical microspheres,Virgin manufactured particles,Unlabelled and green fluorescent particles,Waterborne,48-h acute static test and 21-d semi-static chronic test with renewal every 48 h,<24-h third-brood neonates,24 h uptake; 48 h acute; 21 d chronic,"Acute 0, 10, 50, 100, 150, 200, 400; chronic 0, 0.1, 0.5, 1, 2",mg/L,YES,,Particle-free culture-medium controls for each test,Glass beaker,Acute 5 beakers; chronic 10 individual beakers; molecular 4 beakers,5 acute neonates; 1 chronic animal; 20 molecular-assay animals,Low to moderate; chronic concentrations below the acute LC50 but above measured field concentrations,Nanoplastic uptake; antioxidant and heat-shock gene expression,Immobilization; survival; body length; growth rate; reproductive timing and output,YES for chronic life-history and gene-expression cohorts at matched doses,"PARTIAL - exact LC50, two exact acute counts and ANOVA statistics; continuous chronic outcomes are graphical",No separate supplementary file supplied,NR,INCLUDE,Manually verified,Chronic life-history means and SE are shown only in figures. Exact mortality counts are recoverable only for 10 and 400 mg/L; other acute points were not inferred from the curve.,YES,YES,YES,YES,YES,YES,YES,NO,,,,,,,"Exact acute counts and model statistics are available, but chronic arm means and SE remain figure-only.",2018,Crustacean,Freshwater,Waterborne,PS,Nanoplastic,Multiple stages or life cycle,Single-generation,Fully reusable for conventional effect size,2018,Crustacean,Waterborne,PS,Nanoplastic
B1-125,10.1021/acs.est.9b02525,https://doi.org/10.1021/acs.est.9b02525,Transgenerational Proteome Plasticity in Resilience of a Marine Copepod in Response to Environmentally Relevant Concentrations of Microplastics,Chen Zhang; Chang-Bum Jeong; Jae-Seong Lee; Dazhi Wang; Minghua Wang,2019,2019,Environmental Science & Technology,0134_2019_Transgenerational_Proteome_Plasticity_in_Resilience_of_a_Marine_Copepod_in_Response_to_Environmentally_Re_acs.est.9b02525.pdf.pdf,Tigriopus japonicus,Copepod,"<24-h nauplii to adults across F0, F1 and F2",F0 and F1 adults directly exposed; F2 adults are recovery descendants,Two exposed generations followed by one recovery generation,Marine laboratory,Polystyrene,Microplastic,6 µm,Fluorescent 5.846 ± 0.329 µm; plain 5.791 ± 0.727 µm,Spherical beads,Virgin commercial particles,Fluorescent particles for ingestion; plain particles for multigenerational tests,Waterborne,Daily renewal of 50% during nauplius stage and 90% during copepodite stage; continuous F0-F1 exposure followed by clean-water F2 recovery,<24-h nauplii,Two generations exposure plus one generation recovery,"0, 0.023, 0.23",mg/L,YES,,Generation-matched particle-free controls and lineage-matched F2 recovery controls,Polycarbonate bottle,3 bottles per treatment; proteomics 3 pooled biological replicates,50 nauplii per life-history bottle; 200 copepods per proteomic replicate,High according to the authors environmental concentration rationale,"Proteome profiles; enriched metabolic, biosynthetic and stress-defense pathways; digestive-enzyme validation",Survival; sex ratio; nauplius development; maturation; clutches; nauplii per clutch; fecundity,YES at generation and treatment-lineage level,PARTIAL - exact accumulation table and exact F2 recovery table; exposed F0-F1 life-history means are graphical,Supporting information cited but not supplied,Proteomic summary reported; complete protein-level tables are in missing SI,INCLUDE,Manually verified,"F2 values describe recovery descendants with no current particle exposure and were retained descriptively, not as direct particle-only primary comparisons. F0-F1 generations share lineage dependence.",YES,YES,YES,YES,YES,YES,YES,NO,,,,,,,Accumulation and F2 recovery tables are exact. F0-F1 life-history means and complete proteomic tables require SI or raw data.,2019,Crustacean,Marine,Waterborne,PS,Microplastic,Multiple stages or life cycle,Single-generation or unclear,Fully reusable for conventional effect size,2019,Crustacean,Waterborne,PS,Microplastic
B1-126,10.1016/j.marpolbul.2018.03.016,https://doi.org/10.1016/j.marpolbul.2018.03.016,Virgin microplastics are not causing imminent harm to fish after dietary exposure,Boris Jovanović; Kerem Gökdağ; Olgaç Güven; Yilmaz Emre; Elizabeth M. Whitley; Ahmet Erkan Kideys,2018,2018,Marine Pollution Bulletin,0135_2018_Virgin_microplastics_are_not_causing_imminent_harm_to_fish_after_dietary_exposure_j.marpolbul.2018.03.016.pdf.pdf,Sparus aurata,Fish,"Juvenile gilt-head seabream, initial mass approximately 7.5 g",,Single-generation dietary exposure followed by depuration,Marine laboratory,PVC high molecular weight; polyamide; UHMWPE; polystyrene; MDPE; PVC low molecular weight,Microplastic,Approximately 23-112 µm depending on polymer,PVCHMW 75.6 ± 15.3; PA 111.7 ± 32.2; UHMWPE 23.4 ± 7.6; PS 51.0 ± 36.3; MDPE 54.5 ± 21.3; PVCLMW 87.6 ± 16.8 µm,Manufacturer powder/pellets; PS was ground,Virgin particles,No,Diet,"Feed containing 3.33 g microplastic/kg feed, supplying approximately 0.1 g/kg body weight/day for 45 d, followed by 30 d control-diet depuration",Initial mean mass approximately 7.5 g,45 d exposure plus 30 d depuration,Control and six polymers at 0.1,g/kg body weight/day,YES,,Microplastic-free feed control,Tank,One tank per polymer and one control tank,50 fish per tank initially; endpoint-specific fish subsamples,"Moderate according to authors, but exposure was not independently replicated","Serum glucose and liver enzymes; gastrointestinal, liver and muscle retention; multi-organ histopathology",Mortality; tank biomass and growth,YES within each tank cohort,"HIGH descriptive extractability - exact Tables 2 and 3, but treatment is confounded with a single tank",Supporting histopathology table cited but not supplied,NR,INCLUDE,Manually verified,"Each polymer was assigned to one tank. Fish-level SDs cannot be used as independent treatment variance. Table 3 caption reports 0.1 mg/kg, conflicting with the methods, abstract and conclusion value of 0.1 g/kg body weight/day.",YES,YES,YES,YES,YES,NO,YES,NO,,,,,,,"Tables 2 and 3 are numerically complete, but treatment has only one tank per polymer, so fish-level SD is pseudoreplicated.",2018,Fish,Marine,Dietary,Mixed polymers,Microplastic,Juvenile,Single-generation,Partially reusable,2018,Fish,Dietary,Mixed polymers,Microplastic
B1-127,10.1016/j.aquatox.2017.12.010,https://doi.org/10.1016/j.aquatox.2017.12.010,"Microplastics have a more profound impact than elevated temperatures on the predatory performance, digestion and energy metabolism of an Amazonian cichlid",Bin Wen; Nan Zhang; Shi-Rong Jin; Zai-Zhong Chen; Jian-Zhong Gao; Ying Liu; Han-Peng Liu; Zhe Xu,2018,2017,Aquatic Toxicology,0137_2018_Microplastics_have_a_more_profound_impact_than_elevated_temperatures_on_the_predatory_performance_digesti_j.aquatox.2017.12.010.pdf.pdf,Symphysodon aequifasciatus,Fish,"Early juvenile, one week post-hatch at allocation",,Single-generation 2 × 2 factorial exposure,Freshwater laboratory,Polyethylene,Microplastic,70-88 µm,Manufacturer range; no significant aggregation by DLS,Fluorescent microspheres,Virgin fluorescent particles,Yes; NBD-Cl,Waterborne,Daily renewal; 28 or 31 °C crossed with 0 or 200 µg/L MPs for 30 d,Early juveniles,30 d,0 and 200 at 28 and 31 °C,µg/L,YES,"Elevated temperature, 31 °C",Full 2 × 2 factorial controls at each temperature,Tank,3 tanks per treatment,20 fish per tank,Moderate laboratory scenario with projected +3 °C warming,AChE; digestive enzymes; aerobic and anaerobic metabolic enzymes; whole-body particle burden,Survival; body length; predatory performance,YES,PARTIAL - exact two-way ANOVA table; all group means and error bars are graphical,No separate supplement supplied,NR,INCLUDE,Manually verified,"Tank replication is clear, but exact arm means and variances are not printed. Factorial interaction must be preserved; no bar height or error bar was digitized.",YES,YES,YES,YES,YES,YES,YES,NO,,,,,,,"Three tanks per factorial arm are clear, but exact arm means and variances are not printed; only ANOVA F and p values are exact.",2017,Fish,Freshwater,Waterborne,PE family,Microplastic,Juvenile,Single-generation,Fully reusable for conventional effect size,2017,Fish,Waterborne,PE family,Microplastic
B1-128,10.1021/acs.est.6b01441,https://doi.org/10.1021/acs.est.6b01441,"Microplastic Size-Dependent Toxicity, Oxidative Stress Induction, and p-JNK and p-p38 Activation in the Monogonont Rotifer (Brachionus koreanus)",Chang-Bum Jeong; Eun-Ji Won; Hye-Min Kang; Min-Chul Lee; Dae-Sik Hwang; Un-Ki Hwang; Bingsheng Zhou; Sami Souissi; Su-Jae Lee; Jae-Seong Lee,2016,2016,Environmental Science & Technology,0139_2016_Microplastic_Size-Dependent_Toxicity_Oxidative_Stress_Induction_and_p-JNK_and_p-p38_Activation_in_the_Mon_acs.est.6b01441.pdf.pdf,Brachionus koreanus,Rotifer,Just-hatched rotifers to adult/lifespan,,Single-generation size-by-concentration exposure with mechanistic NAC assay,Marine artificial seawater,Polystyrene,Nanoplastic and microplastic,"0.05, 0.5 and 6 µm",Manufacturer nominal diameters,Spherical microbeads,Virgin nonfunctionalized particles,Fluorescent particles used for ingestion and egestion tests,Waterborne,0.1-20 µg/mL life-history exposure; 10 µg/mL 24-h mechanistic assays; daily 50% renewal,Just-hatched rotifers within 2 h,Up to 12 d for life history; 24 h for molecular assays; 48 h egestion observation,"0, 0.1, 1, 10, 20 for each of 0.05, 0.5 and 6 µm",µg/mL,YES,0.5 mM N-acetyl-L-cysteine in mechanistic assay,Particle-free controls and NAC controls,Culture well,All exposures performed in triplicate,12 rotifers per life-history well; approximately 6000 pooled animals for molecular assays,Low; high laboratory particle concentrations,ROS; GSH; antioxidant enzymes; mitochondrial membrane integrity; ERK/JNK/p38 phosphorylation; ingestion and egestion,Population growth; fecundity; lifespan; reproduction time,YES at matched size and dose,PARTIAL - four reproduction-time means are printed in Fig. 2; remaining outcomes are graphical or directional,Supporting methods cited but not supplied,NR,INCLUDE,Manually verified,"Life-history Methods state 12-d exposures, whereas captions for Figs. 1-2 state 24 h. Exact printed reproduction-time means were retained with the duration inconsistency flagged; no error-bar values were inferred.",YES,YES,YES,YES,NO,YES,YES,NO,,,,,,,Only reproduction-time means are printed exactly. Error bars and most life-history and mechanistic values require digitization or source data.,2016,Rotifer,Marine,Waterborne,PS,Nano–micro mixed or boundary,Adult,Single-generation,Partially reusable,2016,Rotifer,Waterborne,PS,Nano–micro mixed or boundary
B1-129,10.1016/j.envpol.2025.127084,https://doi.org/10.1016/j.envpol.2025.127084,It’s not just synthetic microplastics: Multi-tissue approach reveals a wide range of transcriptional changes in European seabass exposed to viscose-rayon microfibres,Ricardo S. Matias; Paul Holhorea; Sónia Gomes; Josep Calduch-Giner; Lúcia Guilhermino; Fernando Naya-Català; Jaume Pérez-Sánchez; Luisa M.P. Valente,2025,2025,Environmental Pollution,0140_2025_It_s_not_just_synthetic_microplastics_Multi-tissue_approach_reveals_a_wide_range_of_transcriptional_chang_j.envpol.2025.127084.pdf.pdf,Dicentrarchus labrax,Fish,"Juvenile European seabass, initial mass about 5.8 g",,Single-generation juvenile feeding trial,Marine flow-through aquaculture,Viscose-rayon regenerated cellulose,Semisynthetic cellulosic microfibre,Mean length 235.2 µm; mean diameter 12.0 µm,235.2 ± 165.4 µm length and 12.0 ± 1.0 µm diameter; 58.61% were 150-499 µm,Fibres,"Cut from a bright-orange 100% viscose-rayon blouse; associated additives included decyl hexyl phthalate, benzothiazole and N-octyl-2-pyrrolidone",No; orange colour used for visual tracking and µ-FTIR confirmation,Dietary,Three daily meals near visual satiation for 68 d in 500-L flow-through tanks,"Juvenile, 5.8 g average body mass",68 d,"Target 0, 0.001, 0.01, 0.1 g/kg diet; formulated 0, 0.0008, 0.008, 0.08 g/kg; measured 0, 1.8, 14.8, 195 RFs/g feed",g/kg diet and fibres/g feed,YES,None; fibre-associated textile additives are intrinsic to the tested material,Identical basal diet without added orange fibres,500-L tank,3 tanks per diet,60 fish per tank initially,RF1 overlaps reported aquafeed contamination; RF2 and RF3 are elevated challenge levels,Multi-tissue gene expression; humoral immunity; organ indices; fibre burden,Growth; feed intake; feed conversion; body condition; whole-body composition,YES at tank-treatment level; endpoints sampled from parallel fish,HIGH - exact Table 4 tank means ± SEM and exact text exposure-verification values; gene-expression arm values require SI,Supplementary Tables S1-S7 and Fig. S1 cited but not supplied,NR,INCLUDE - analyse separately as regenerated-cellulose anthropogenic microfibre,Manually verified,Table 4 uses n=3 independent tanks and SEM; SD was converted as SEM×√3. Three dose comparisons share one control. Cellulosic fibres and associated additives cannot be separated causally.,YES,YES,YES,YES,YES,YES,YES,NO,,,,,,,Exact tank-level means and SEM are available for growth and body composition. Gene-expression arm values remain in missing supplementary tables.,2025,Fish,Marine,Dietary,Regenerated cellulose,Microplastic,Juvenile,Single-generation,Fully reusable for conventional effect size,2025,Fish,Dietary,Regenerated cellulose,Microplastic
B1-130,10.1016/j.jece.2024.111886,https://doi.org/10.1016/j.jece.2024.111886,Effects of environmentally relevant polystyrene microplastics and cadmium on the development and reproduction of rare minnow (Gobiocypris rarus),Miaomiao Hou; Xinhua Zou; Liangxia Su; Chunsen Xu; Zhijun Xia; Qin Wang; Xiaojuan Zhao; Yongfeng He; Chunling Wang; Jianwei Wang,2024,2024,Journal of Environmental Chemical Engineering,0141_2024_Effects_of_environmentally_relevant_polystyrene_microplastics_and_cadmium_on_the_development_and_reproduc_j.jece.2024.111886.pdf.pdf,Gobiocypris rarus,Fish,Sexually mature 4-month-old adults,Females and males directly exposed in separate tanks and paired after exposure,Single-generation adult exposure followed by parental reproduction assessment,Freshwater laboratory,Polystyrene,Microplastic,1 µm,Morphology verified by transmission electron microscopy; exact measured diameter not tabulated in main text,Spherical particles,Commercial virgin PS without added plasticizer according to supplier,Yes; excitation 488 nm and emission 518 nm,Waterborne,28-d semi-static exposure with solution renewal every 48 h; females and males housed separately,Sexually mature adults capable of spawning,14 and 28 d; reproduction assessed after 28 d,PS 0 or 200 µg/L; Cd 0 or 10 µg/L in a 2×2 design,µg/L,YES,Cadmium,Particle- and Cd-free controls for each sex,5-L glass tank,3 tanks per sex and treatment,10 fish per tank; 10 post-exposure breeding pairs per treatment,Both PS and Cd concentrations were selected to approximate contaminated natural waters,"Gonadal Cd; CAT and SOD; VTG, estradiol and testosterone; oxidative, inflammatory and steroidogenic gene expression",Condition factor; gonadosomatic index; oocyte stages; spawning; egg production; fertilization; hatching,"YES, but fish-level measurements are nested within exposure tanks",PARTIAL - exact exposure and gonadal Cd means ± SD; apical and biomarker arm means are figure-only,Supplementary methods and tables cited but not supplied,NR,INCLUDE,Manually verified,The treatment-level independent n is three tanks. Reproductive pairs and sampled fish remain nested within parental exposure tanks. PS-only effects were not uniformly stronger in combined exposure.,YES,YES,YES,YES,YES,YES,YES,NO,,,,,,,"Exposure and gonadal Cd values are exact, but most biological outcomes are figure-only. Fish and breeding pairs are nested within three exposure tanks.",2024,Fish,Freshwater,Waterborne,PS,Microplastic,Adult,Inter- or multigenerational,Fully reusable for conventional effect size,2024,Fish,Waterborne,PS,Microplastic
B1-131,10.1016/j.impact.2023.100456,https://doi.org/10.1016/j.impact.2023.100456,Cocktail effects of emerging contaminants on zebrafish: Nanoplastics and the pharmaceutical diphenhydramine,Angela Barreto; Joana Santos; Vânia Calisto; Luciana S. Rocha; Mónica J.B. Amorim; Vera L. Maria,2023,2023,NanoImpact,0142_2023_Cocktail_effects_of_emerging_contaminants_on_zebrafish_Nanoplastics_and_the_pharmaceutical_diphenhydramin_j.impact.2023.100456.pdf.pdf,Danio rerio,Fish,"Embryo and larva, exposure initiated at 4 hpf",Adults used only as broodstock,Single-generation early-life exposure,Freshwater laboratory,Polystyrene,Nanoplastic,44 nm,About 44 nm alone; a second hydrodynamic peak of 126 nm at 0 h and 474 nm at 96 h appeared with diphenhydramine,Spherical nanoplastics,Commercial particles centrifuged to remove SDS and sodium azide,No fluorescence label reported,Waterborne,96-h static FET exposure; 120-h locomotor assay; separate 96-h pooled biochemical assay,4 h post-fertilization,96 h development and biochemistry; 120 h behaviour,"NPL 0, 0.015, 1.5 mg/L; DPH 0, 0.01, 10 mg/L and corresponding mixtures",mg/L,YES,Diphenhydramine,Untreated zebrafish-medium control and matched single-contaminant arms,Petri dish for FET; pooled replicate for biochemistry; larva for behaviour,FET 4 dishes; biochemistry 7 pooled replicates; behaviour 10 larvae,5 embryos per FET dish; 15 embryos per biochemical replicate,"0.015 mg/L NPL and 0.01 mg/L DPH represent the lower, environmentally motivated mixture","GST, CAT and cholinesterase activities; energy reserves; particle aggregation",Mortality; hatching; malformations; heartbeat; locomotor behaviour,"PARTIAL - matched exposure conditions but separate cohorts for FET, behaviour and biochemistry",PARTIAL - exact text percentages and relative-change ranges; group means and SE are graphical,Supplementary methods and data cited but not supplied,NR,INCLUDE,Manually verified,"High-dose mixtures caused near-complete lethality and malformation. Embryo observations are nested within four dishes, and reported percentages should not be treated as 20 independent replicates.",PARTIAL,YES,YES,YES,YES,YES,YES,NO,,,,,,,"Text reports several exact percentages/ranges, but most group means and SE require digitization or source data; cohorts differ across endpoint classes.",2023,Fish,Freshwater,Waterborne,PS,Nanoplastic,Embryo or larva,Single-generation,Fully reusable for conventional effect size,2023,Fish,Waterborne,PS,Nanoplastic
B1-132,10.3390/ani15131928,https://doi.org/10.3390/ani15131928,"Bioaccumulation, Ecotoxicity, and Microbial Responses in Hoplobatrachus rugulosus Tadpoles Following Co-Exposure to Imidacloprid and Microplastics",Xinyu Hu; Sipu Zhu; Yiru Chen; Linxia Zhang; Huadong Tan; Chunyuan Wu; Xiaoying Zhang; Xiao Deng; Yi Li,2025,2025,Animals,0144_2025_Bioaccumulation_Ecotoxicity_and_Microbial_Responses_in_Hoplobatrachus_rugulosus_Tadpoles_Following_Co-Exp_ani15131928.pdf.pdf,Hoplobatrachus rugulosus,Amphibian,Tadpoles at Gosner stages 26-33,,"Single-generation tadpole acute, toxicokinetic and 28-d chronic tests",Freshwater laboratory,Polyethylene,Microplastic,500-1000 µm,Agricultural mulch-film fragments sieved through 0.63-mm mesh and characterized by SEM and FTIR,Irregular fragments,"Approximately one-year field-aged agricultural mulch film, solvent- and acid-cleaned before grinding",No,Waterborne with likely ingestion and dermal contact,"Daily solution renewal; 96-h acute test, 96-h uptake plus 72-h depuration, and 28-d chronic exposure","GS26-33 tadpoles, about 30 mm and 0.25 g",96 h acute; 168 h kinetic study; 28 d chronic,"MP 0 or 10 mg/L; IMI 0, 0.045, 0.45, 4.5 mg/L; acute IMI 45-225 mg/L with or without MPs",mg/L,YES,Imidacloprid,"Clean-water control, MP-only, IMI-only and matched mixture arms",1000-mL glass beaker,3 beakers per treatment,12 acute; 30 kinetic/chronic tadpoles per beaker initially,IMI chronic concentrations span field-relevant to elevated; MP dose is a laboratory co-exposure challenge,Toxicokinetics; AChE; CAT; SOD; MDA; IBR; erythrocyte nuclear damage; gut and skin microbiomes,Acute mortality; body length; body weight; development,YES within chronic beaker treatments; microbiome sampled at study end,"PARTIAL - exact LC50, toxicokinetic parameters, regression equations and text percentages; most arm means are graphical",Supplementary Tables S1-S3 and Figs. S1-S6 cited but not supplied,NR,INCLUDE,Manually verified,The main text contains inconsistent group labels and ambiguous MP body-burden units. Interaction signs from the regression table do not always align with the narrative claim of synergy.,YES,YES,YES,YES,YES,YES,YES,NO,,,,,,,"LC50, kinetic parameters and regression equations are exact; chronic arm means are figure-only and some units/labels are inconsistent.",2025,Amphibian,Freshwater,Waterborne,PE family,Microplastic,Embryo or larva,Single-generation,Fully reusable for conventional effect size,2025,Amphibian,Waterborne,PE family,Microplastic
B1-133,10.1039/d4na00013g,https://doi.org/10.1039/d4na00013g,Synergistic impact of nanoplastics and nanopesticides on Artemia salina and toxicity analysis,Mahalakshmi Kamalakannan; Durgalakshmi Rajendran; John Thomas; Natarajan Chandrasekaran,2024,2024,Nanoscale Advances,0145_2024_Synergistic_impact_of_nanoplastics_and_nanopesticides_on_Artemia_salina_and_toxicity_analysis_d4na00013g.pdf.pdf,Artemia salina,Branchiopod crustacean,Cysts and nauplii through second instar,,Single-generation hatching and acute toxicity tests,Natural seawater laboratory,Polystyrene,Nanoplastic,100 nm,100 nm in Milli-Q water and 1477.1 nm hydrodynamic size in seawater; NPER-PSNP complex 6765.7 nm in seawater,Spherical particles with aggregation in seawater,Commercial virgin PSNP; nanopermethrin formulated by solvent evaporation,No,Waterborne,"48-h hatching and acute exposure with observations at 3, 6, 12, 24 and 48 h",Cysts for hatching; nauplii for toxicity,48 h,"PSNP 5, 25, 50, 75, 100 mg/L; NPER 2, 4, 8, 16, 32 mg/L; mixtures fixed PSNP 100 mg/L plus each NPER level",mg/L,YES,Nanopermethrin,Untreated natural-seawater control and matched pristine-component arms,Well or beaker,3 replicates,10 cysts per hatching well; 10 nauplii per acute beaker,Low for PSNP mass concentrations; study is a mechanistic mixture challenge,ROS; CAT; SOD; lipid peroxidation; particle adsorption and aggregation,Hatching; mortality; swimming performance; gut morphology,YES for matched 48-h treatment series,"PARTIAL - exact hatching percentages, LC50 values and mixture table; variance is graphical or absent",ESI cited but not supplied,NR,INCLUDE,Manually verified,Table 2 inhibition ratios are mathematically inconsistent with the stated Cobs/Cexp formula. Source values are retained as reported but interaction classification is coded unresolved for quantitative synthesis.,YES,YES,YES,YES,NO,YES,YES,NO,,,,,,,"Hatching and mixture toxicity percentages are exact, but variance is absent. Source interaction ratios fail arithmetic verification.",2024,Crustacean,Marine,Waterborne,PS,Nanoplastic,Embryo or larva,Single-generation,Partially reusable,2024,Crustacean,Waterborne,PS,Nanoplastic
B1-134,10.1016/j.cbpc.2024.109966,https://doi.org/10.1016/j.cbpc.2024.109966,Combined effects of microplastics and benzo[a]pyrene on Asian sea bass Lates calcarifer growth and expression of functional genes,Ahmad Ghasemi; Ahmad Shadi,2024,2024,Comparative Biochemistry and Physiology Part C,0146_2024_Combined_effects_of_microplastics_and_benzo_a_pyrene_on_Asian_sea_bass_Lates_calcarifer_growth_and_expres_j.cbpc.2024.109966.pdf.pdf,Lates calcarifer,Fish,"Juvenile Asian sea bass, initial mass 7.8 ± 1.0 g",,Single-generation juvenile chronic exposure,"Marine laboratory, 150-L seawater volume in 300-L tanks",Polyethylene,Microplastic,50–60 µm stated at purchase; 30–50 µm stated for stock preparation,No numerical measured-size distribution in main article,Microspheres/particles,Commercial virgin PE particles; no aging procedure reported,No,Waterborne,56-d continuous exposure with about 50% daily seawater exchange and re-dosing,Juvenile fish after 14-d acclimation,"56 d; biomarker sampling on days 1, 7, 21 and 56","PE 0, 0.1, 1 mg/L; BaP 0, 20, 80 µg/L in nine selected single/mixture groups",mg/L PE and µg/L BaP,YES,Benzo[a]pyrene,DMSO vehicle control matched to BaP treatments,150-L exposure tank,3 tanks per treatment,15 fish per tank initially,Chronic challenge design; environmental representativeness asserted but concentrations are elevated relative to many field observations,"Liver CAT, SOD, GPx and MDA; IGF-I; stress, inflammatory, detoxification and apoptosis-related transcription",Mortality; weight gain; specific growth rate; feed conversion; body composition,YES at treatment/tank level; destructive biomarker samples were parallel fish,"HIGH for Tables 2–3; SGR, FCR, enzymes and gene expression are figure-only",No supplementary numerical outcome tables supplied with the main PDF,Available on request,INCLUDE,Manually verified,"Table means use three tanks. Particle size is reported inconsistently (50–60 versus 30–50 µm), and several Results passages misstate mg/L as mg/mL or µg/mL. Table 2 mortality and weight-gain scales are internally ambiguous and are retained exactly as printed.",YES,YES,YES,YES,YES,YES,YES,NO,,,,,,,"Tables 2–3 provide exact tank means and SD, but most mechanistic endpoints remain graphical and raw data are on request.",2024,Fish,Marine,Waterborne,PE family,Microplastic,Juvenile,Single-generation,Fully reusable for conventional effect size,2024,Fish,Waterborne,PE family,Microplastic
B1-135,10.3390/toxics12080594,https://doi.org/10.3390/toxics12080594,Stressful Effects of Individual and Combined Exposure to Low-Concentration Polylactic Acid Microplastics and Chromium on Marine Medaka Larvae (Oryzias melastigma),Yuan Yin; Yini Ma; Qiang Li; Nan Chen; Shaobai Wen,2024,2024,Toxics,0147_2024_Stressful_Effects_of_Individual_and_Combined_Exposure_to_Low-Concentration_Polylactic_Acid_Microplastics_toxics12080594.pdf.pdf,Oryzias melastigma,Fish,15-day-old marine medaka larvae,,Single-generation larval exposure with a separate uptake/depuration assay,Artificial seawater laboratory,Polylactic acid,Biodegradable microplastic,100–300 µm; 3.03% below 100 µm,"Stereomicroscopy and SEM confirmed fragmented particles, mostly 100–300 µm",Irregular fragments,Commercial PLA fragments; Nile Red used only in the uptake/depuration assay,Nile Red for uptake/depuration cohort,Waterborne with feeding during exposure,14-d semi-static exposure with solution replacement every 48 h; separate 7-d uptake and 2-d depuration study,15-day-old larvae after 2-d fasting for the main exposure,14 d main exposure; 7 d uptake plus 2 d depuration,PLA 0 or 100 µg/L; Cr6+ 0 or 50 µg/L in a 2×2 design,µg/L,YES,Hexavalent chromium,Artificial-seawater control,2-L glass beaker containing 1 L exposure solution,3 beakers per treatment,12 larvae per main-exposure beaker; 5 larvae per uptake-assay beaker,Authors classified both concentrations as environmentally relevant,"Intestinal histopathology; CAT, GSH and SOD; swimming and anxiety metrics; fluorescent particle retention",Heart rate; body length; mortality,"YES for main exposure, but endpoint subsamples are nested within beakers; uptake assay is separate",PARTIAL - exact text means for selected antioxidant responses; most arm means are graphical,Supporting information cited for design and histology procedures but not supplied,Available on request,INCLUDE,Manually verified,"Nominal treatment replication is three beakers, whereas reported n values of 3, 4, 8 or 10 are fish-level subsamples with allocation among beakers unclear. These fish-level n values are not treated as independent exposure replicates.",YES,YES,YES,YES,YES,NO,YES,NO,,,,,,,"Group figures report SD, but fish-level n values are nested within three beakers and allocation is unclear.",2024,Fish,Marine,Mixed waterborne–dietary,PLA,Microplastic,Embryo or larva,Single-generation,Partially reusable,2024,Fish,Mixed waterborne–dietary,PLA,Microplastic
B1-136,10.1016/j.scitotenv.2023.167359,https://doi.org/10.1016/j.scitotenv.2023.167359,Gut microbiota related response of Oryzias melastigma to combined exposure of polystyrene microplastics and tetracycline,Peiqiang Zhao; Wenjia Lu; Ricardo David Avellan-Llaguno; Xin Liao; Guozhu Ye; Zhizhen Pan; Anyi Hu; Qiansheng Huang,2023,2023,Science of the Total Environment,0148_2023_Gut_microbiota_related_response_of_Oryzias_melastigma_to_combined_exposure_of_polystyrene_microplastics_a_j.scitotenv.2023.167359.pdf.pdf,Oryzias melastigma,Fish,Eight-month-old marine medaka adults,Directly exposed experimental fish,Single-generation adult exposure,Artificial seawater laboratory,Polystyrene,Microplastic,10 µm,Commercial 10-µm microspheres; no main-text measured distribution,Microspheres,Commercial PS adhered to algal food; no aging procedure reported,No,Dietary PS-MPs and waterborne tetracycline,Four-week exposure; PS-MPs incorporated into feed at 0.1% w/w and TC renewed daily in water,"Eight-month-old adults, 548 ± 50 mg",4 weeks,PS-MP 0 or 0.1% w/w in food; TC 0 or 50 µg/L in a 2×2 design,% w/w feed and µg/L water,YES,Tetracycline,Processed algal feed without PS-MPs and TC-free seawater,1-L exposure tank,3 tanks per treatment,6 fish per tank,Both doses selected to overlap reported environmental concentrations,Liver lipid histology and metabolomics; gut 16S microbiota; tetracycline-resistance genes,Body-weight gain; body-length gain,YES at tank level; liver and gut samples pooled from fish within tanks,PARTIAL - exact TC verification and omics counts; apical and histological means are figure-only,Supplementary data exist but were not supplied,16S data deposited under project OEP002917; other data available on request,INCLUDE,Manually verified,"Three tanks are the independent exposure units. Tissue samples were pooled from two fish, producing six analytical samples per group that are nested within three tanks. Public sequence data do not provide complete apical source values.",YES,YES,YES,YES,YES,YES,YES,NO,,,,,,,"Sequence data are public, but complete apical source numbers are not; analytical samples are nested within tanks.",2023,Fish,Marine,Mixed waterborne–dietary,PS,Microplastic,Adult,Single-generation,Fully reusable for conventional effect size,2023,Fish,Mixed waterborne–dietary,PS,Microplastic
B1-137,10.1016/j.etap.2023.104215,https://doi.org/10.1016/j.etap.2023.104215,Synergetic effects of polyethylene microplastic and abamectin pesticides on the eyes of zebrafish larvae and adults through activation of apoptosis signaling pathways,Ajay Guru; Ahmed Rady; Noura M. Darwish; Guilherme Malafaia; Selvaraj Arokiyaraj; Jesu Arockiaraj,2023,2023,Environmental Toxicology and Pharmacology,0149_2023_Synergetic_effects_of_polyethylene_microplastic_and_abamectin_pesticides_on_the_eyes_of_zebrafish_larvae_j.etap.2023.104215.pdf.pdf,Danio rerio,Fish,96-hpf larvae and five-month-old adults,Adults directly exposed for ocular endpoints,Parallel larval and adult five-day exposures,Freshwater laboratory,Polyethylene,Reported as microplastic; measured-size description is internally inconsistent and partly nanoscale,Prepared through 0.15-mm sieve,"Results state “1 µm (0.0382–0.0644 µm)”, implying 38–64 nm despite microplastic terminology",Irregular ground particles/agglomerates,"Cryomilled commercial PE, stated clean and contaminant-free",No,Waterborne,Five-day static exposure in larval 6-well plates or adult 2-L beakers,96-hpf larvae and acclimated five-month-old adults,5 d,"PE 0, 10, 100 µg/L; abamectin 0 or 0.006 mg/L",µg/L PE and mg/L abamectin,YES,Abamectin,Untreated water control,"Unclear; plate/well for larvae and 2-L beaker for adults, but replication structure is not adequately described",Authors state n=10/group and experiments performed in triplicate,"10 larvae or adults per group per stated replicate, allocation unclear","Authors describe low concentrations, but the stated comparison with environmental abamectin is numerically questionable","Ocular ROS, apoptosis, lipid peroxidation, glutathione, superoxide, SOD, CAT, histopathology and bax/p53/caspase-3 expression",Larval survival,PARTIAL - larval and adult endpoints are separate experiments,PARTIAL - many exact text percentages/values without variance; graphs are violin plots without recoverable source data,No supplementary numerical dataset supplied,Available on request,INCLUDE WITH HIGH RISK-OF-BIAS FLAG,Manually verified,Particle size classification and experimental-unit replication are unresolved. Exact text values lack SD/SE. No effect-size comparison is generated from this study.,UC,YES,YES,YES,NO,NO,UC,NO,,,,,,,Exact text values lack variance and the independent experimental unit/replication is inadequately described.,2023,Fish,Freshwater,Waterborne,PE family,Nanoplastic,Multiple stages or life cycle,Single-generation or unclear,Partially reusable,2023,Fish,Waterborne,PE family,Nanoplastic
B1-138,10.1016/j.fsi.2022.05.025,https://doi.org/10.1016/j.fsi.2022.05.025,Toxic effects of polystyrene nanoplastics and polybrominated diphenyl ethers to zebrafish (Danio rerio),Qiuping Wang; Yizheng Li; Yurou Chen; Liyan Tian; Dandan Gao; Hongping Liao; Chunmiao Kong; Xikun Chen; Muhammad Junaid; Jun Wang,2022,2022,Fish and Shellfish Immunology,0150_2022_Toxic_effects_of_polystyrene_nanoplastics_and_polybrominated_diphenyl_ethers_to_zebrafish_(Danio_rerio)_j.fsi.2022.05.025.pdf.pdf,Danio rerio,Fish,Embryo and larva,Adults used only as broodstock,Single-generation early-life exposure followed by a seven-day depuration subset,Freshwater laboratory,Polystyrene,Nanoplastic,80 nm,TEM performed; exact distribution not tabulated in main text,Fluorescent nanospheres,Commercial virgin fluorescent PS-NPs,Green fluorescent,Waterborne,"Exposure in 70 mL E3 medium with nominal daily renewal; Methods also state beakers were not changed, creating a contradiction",Fertilized embryo,Up to 120 hpf; separate 7-d depuration after exposure,"PS-NP 0, 0.05, 0.1, 1, 5, 10 mg/L; BDE-47 0 or 0.1 µg/L",mg/L PS-NP and µg/L BDE-47,YES,"2,2′,4,4′-tetrabromodiphenyl ether (BDE-47)",Untreated E3 control and isooctane solvent control,70-mL exposure beaker,3 beakers per group,100 embryos per beaker,Includes low µg/L PS-NP arms and higher mg/L challenge arms; BDE-47 set at 0.1 µg/L,"Particle uptake and depuration; eye, muscle and cartilage histopathology; HPT-axis and reproductive gene expression",Survival; malformation; body length; heart rate; spontaneous movement; hatching,YES at exposure-group level; histology and transcription use subsamples,"PARTIAL-HIGH - selected exact text means ± SEM, with remaining groups figure-only",Supplementary primer table and reproductive-gene figure cited but not supplied,NR,INCLUDE,Manually verified,Source SEM values were converted to SD only for exact text means using three beakers. Methods contain duplicated/mistyped mixture-dose labels and contradictory solution-renewal statements. Most dose-specific means remain graphical.,YES,YES,YES,YES,YES,YES,YES,NO,,,,,,,Selected means ± SEM and three beakers are explicit; most dose-specific values and supplementary gene data remain unavailable.,2022,Fish,Freshwater,Waterborne,PS,Nanoplastic,Embryo or larva,Single-generation,Fully reusable for conventional effect size,2022,Fish,Waterborne,PS,Nanoplastic
B1-139,10.1016/j.aquatox.2022.106192,https://doi.org/10.1016/j.aquatox.2022.106192,Intergenerational and biological effects of roxithromycin and polystyrene microplastics to Daphnia magna,Jiaqiang Liu; Haohan Yang; Qingjun Meng; Qiyan Feng; Zhenhua Yan; Jianchao Liu; Zhigang Liu; Zhengxie Zhou,2022,2022,Aquatic Toxicology,0151_2022_Intergenerational_and_biological_effects_of_roxithromycin_and_polystyrene_microplastics_to_Daphnia_magna_j.aquatox.2022.106192.pdf.pdf,Daphnia magna,Crustacean zooplankton,Neonates ≤24 h at F0 and first-brood offspring at F1,Maternal F0 daphnids directly exposed; F1 continuously exposed or transferred to clean medium,Two-generation intergenerational exposure and recovery design,Freshwater OECD 211 culture medium,Polystyrene,Microplastic,5 µm,Commercial 5-µm fluorescent microspheres; no numerical size distribution reported,Spherical microspheres,Original and UV-aged for 30 d at 254 nm; carbonyl index increased from 0.079 to 0.115,Green fluorophore incorporated in polymer matrix,Waterborne/filter feeding,Semi-static 21-d F0 exposure and 21-d F1 exposure or recovery; medium renewed every 2 d and gently stirred every 5 h,F0 neonates ≤24 h; F1 first offspring collected immediately,21 d per generation,Original PS 2.5 µg/L; UV-aged PS 2.5 µg/L; ROX 0.1 or 10 µg/L; aged PS plus each ROX dose,µg/L,YES,Roxithromycin,Generation-specific untreated controls; recovery groups transferred to clean medium,100-mL beaker with 50 mL medium and one daphnid,10 individual beakers per life-history arm; behavioral/biochemical assays used additional pooled or triplicate measurements,1 daphnid per chronic beaker,Particle and antibiotic doses selected as environmentally relevant,Particle distribution; swimming and feeding; AChE; T-AOC; T-SOD; MDA,Survival; offspring number; first-brood timing; intrinsic population-growth rate,"YES at treatment level for F0 life history, behavior and biomarkers; F1 exposure and recovery are linked descendants",PARTIAL - exact F0 survival percentages and selected fold changes; most life-history and biomarker means are graphical,Supporting methods cited but no arm-level numerical supplement supplied,Not publicly available in article,INCLUDE,Manually verified,"Ten one-animal beakers provide clear chronic replication. Most plots report SEM, while the statistical section ambiguously states mean ± SD (Standard Error of mean) and Fig. 9 reports SD. No plotted value was visually estimated.",YES,YES,YES,YES,PARTIAL,YES,YES,NO,,,,,,,"Ten individual beakers are clear, but most means are graphical and SD/SEM labeling is inconsistent across figures.",2022,Crustacean,Freshwater,Mixed waterborne–dietary,PS,Microplastic,Multiple stages or life cycle,Inter- or multigenerational,Partially reusable,2022,Crustacean,Mixed waterborne–dietary,PS,Microplastic
B1-140,10.1016/j.aquatox.2022.106348,https://doi.org/10.1016/j.aquatox.2022.106348,Short- and long-term single and combined effects of microplastics and chromium on the freshwater water flea Daphnia magna,Haksoo Jeong; Young Hwan Lee; Alaa El-Din H. Sayed; Chang-Bum Jeong; Bingsheng Zhou; Jae-Seong Lee; Eunjin Byeon,2022,2022,Aquatic Toxicology,0152_2022_Short-_and_long-term_single_and_combined_effects_of_microplastics_and_chromium_on_the_freshwater_water_fl_j.aquatox.2022.106348.pdf.pdf,Daphnia magna,Crustacean zooplankton,Neonates <24 h for acute/chronic tests; 5- or 14-day animals for mechanistic assays,Directly exposed adults in chronic and mechanistic assays,"Single-generation acute, chronic and mechanistic experiments",Freshwater M4 medium laboratory,Polystyrene,Microplastic,6 µm,Commercial nonfunctionalized 6-µm microbeads,Microspheres,"Commercial virgin, nonfunctionalized",Fluorescent particles used in ingestion/egestion assay,Waterborne/filter feeding,24- and 48-h acute assays; 21-d semi-static chronic assay; separate 24-h mechanistic assays,Neonates <24 h for acute/chronic tests,"24 h, 48 h, or 21 d depending on assay","Acute MP 0–30 mg/L; acute Cr 0–1.0 mg/L with or without MP 10 mg/L; chronic/mechanistic MP 5 mg/L with Cr 0, 10 or 100 µg/L",mg/L MP and mg/L or µg/L Cr,YES,Hexavalent chromium from potassium dichromate,Matched M4-medium controls within each assay,Acute 100-mL beaker; chronic 100-mL individual jar; mechanistic assays pooled daphnids per condition,Acute biological triplicates; chronic 10 one-animal jars; mechanistic measurements generally triplicate,Acute 10 neonates/beaker; chronic 1 neonate/jar; mechanistic pools 30–70 daphnids,Chronic Cr levels include 10 µg/L environmental and 100 µg/L effect-level concentrations; MP levels are experimental,"Cr accumulation; MP ingestion/egestion; ROS, SOD, CAT; sestrin/mitochondrial genes; P-gp/MRP and ABC transporters","Acute mortality; chronic reproduction, adult survival and length; first brood and neonate length",PARTIAL - chronic apical and 24-h mechanistic assays used separate cohorts,"HIGH for acute LC metrics, zeta potential and tissue Cr; chronic and mechanistic arm means are mostly graphical or supplementary",Tables S5–S7 and chronic single-Cr results are cited but not supplied,Available on request,INCLUDE,Manually verified,"The chronic individual-jar design is clear, but mechanistic assays pool many animals and only triplicate analytical values. Exact LC estimates and tissue Cr are retained; graphical chronic means are not estimated.",PARTIAL,YES,PARTIAL,YES,YES,PARTIAL,YES,NO,,,,,,,Exact acute and accumulation data are strong; chronic and mechanistic numerical tables are mostly supplementary or graphical and assays use separate cohorts.,2022,Crustacean,Freshwater,Mixed waterborne–dietary,PS,Microplastic,Embryo or larva,Single-generation,Partially reusable,2022,Crustacean,Mixed waterborne–dietary,PS,Microplastic
B1-141,10.1016/j.aquatox.2021.105814,https://doi.org/10.1016/j.aquatox.2021.105814,Microplastics alone or co-exposed with copper induce neurotoxicity and behavioral alterations on zebrafish larvae after a subchronic exposure,Dércia Santos; Ana Luzio; Carlos Matos; Juan Bellas; Sandra M. Monteiro; Luís Félix,2021,2021,Aquatic Toxicology,0153_2021_Microplastics_alone_or_co-exposed_with_copper_induce_neurotoxicity_and_behavioral_alterations_on_zebrafis_j.aquatox.2021.105814.pdf.pdf,Danio rerio,Fish,Embryos from 2 hpf through larvae at 14 dpf,,Single-generation embryo-larval subchronic exposure,Freshwater embryo water laboratory,"Proprietary polymer, composition undisclosed",Microplastic,1–5 µm,"Commercial red fluorescent spheres, stated 1–5 µm",Spherical microspheres,Commercial virgin particles,Red opaque fluorescent,Waterborne with ingestion after feeding began,14-d semi-static exposure with daily full renewal and 24-h pre-incubation of Cu–MP mixtures,2 h post-fertilization,14 d,"MP 0 or 2 mg/L; Cu 0, 60 or 125 µg/L in single and binary-mixture arms",mg/L MP and µg/L Cu,YES,Copper,Embryo-water control,1-L glass beaker,5 independent beakers per group,100 embryos per beaker initially,MP dose selected from laboratory/field context; Cu doses were about 10% and 20% of prior 96-h LC50,AChE activity and internal Cu; particle ingestion,"Mortality, hatching, body length, locomotion, light–dark response, avoidance and shoaling",YES at beaker/group level; separate larvae were subsampled for each endpoint,"HIGH for hatching and length table, selected mortality and behavior values; AChE and most behavior means are graphical",Table S1 and Fig. S1 cited but not supplied,Not reported as public,INCLUDE,Manually verified,Five independent beakers are explicit. Polymer composition is proprietary and must not be recoded as a named polymer. Exact table/text means and SD are usable; unprinted graphical values were not estimated.,YES,YES,YES,YES,YES,YES,YES,NO,,,,,,,Five independent beakers and exact Table 1 data support several particle-only comparisons; polymer identity and supplementary Cu values remain unresolved.,2021,Fish,Freshwater,Mixed waterborne–dietary,Unspecified,Microplastic,Embryo or larva,Single-generation,Fully reusable for conventional effect size,2021,Fish,Mixed waterborne–dietary,Unspecified,Microplastic
B1-142,10.3389/fenvs.2024.1514062,https://doi.org/10.3389/fenvs.2024.1514062,"Effects of ibuprofen and microplastics on movement, growth and reproduction in the freshwater snail Physella acuta",Daniel Elías; Jazmin Ramirez Vieytez; Morena Funoy Sayar; Jorge Loaisiga; Ayden Harper; Jason Doll,2025,2025,Frontiers in Environmental Science,0178_2025_Elías_Effects_of_ibuprofen_and_microplastics_on_movement__growth_and_reproduction_fenvs.2024.1514062.pdf,Physella acuta,Freshwater gastropod,"Mixed juvenile and adult snails, initial shell length 3.94–8.47 mm",Directly exposed reproductive snails,Single-generation 14-d factorial exposure,Synthetic spring water laboratory,Polyethylene,Microplastic,10–90 µm,"Commercial clear PE microspheres, 10–90 µm",Microspheres,Commercial virgin,No,Waterborne/ingestion,"14 d with twice-weekly water renewal, treatment renewal and feeding",Mixed-size juvenile/adult snails,14 d,PE-MP 0 or 10 µg/L; ibuprofen 0 or 500 µg/L in a 2×2 design,µg/L,YES,Ibuprofen,Synthetic-spring-water control,200-mL glass jar,5 jars per treatment,3 snails per jar,Authors selected concentrations to represent contaminated effluent-influenced systems,None measured,"Shell growth, movement, egg-cluster number and total egg production",NA - apical endpoints only,HIGH - Table 1 reports mean and SD for all four endpoints and four arms,No supplementary numerical file required for main endpoints,Not stated,INCLUDE,Manually verified,Five jars are the defensible independent units. Movement is labeled cm/s in Table 1 and Fig. 2 but described as cm/min in Results; the table/figure unit is retained and the conflict is flagged.,,YES,YES,YES,YES,YES,YES,NO,,,,,,,All four apical endpoints are tabulated by five independent jars; no biomarkers were measured.,2025,Mollusc,Freshwater,Waterborne,PE family,Microplastic,Multiple stages or life cycle,Single-generation,Fully reusable for conventional effect size,2025,Mollusc,Waterborne,PE family,Microplastic
B1-143,10.1007/s10695-025-01596-7,https://doi.org/10.1007/s10695-025-01596-7,"Ingestion and the toxicological effects of virgin polyethylene (PE) and polyvinylchloride (PVC) microplastics in commercial freshwater fish, tilapia (Oreochromis niloticus)",Prabhu Kolandhasamy; Saheli Singha; Sourav Bhattacharya; Suguna Anbukkarasu; Sivaraj Sigamani; Rajaram Rajendran,2025,2025,Fish Physiology and Biochemistry,0291_2025_Kolandhasamy_Ingestion_and_the_toxicological_effects_of_virgin_polyethylene_(PE)_and_pol_s10695-025-01596-7.pdf,Oreochromis niloticus,Fish,"Tilapia fingerlings, about 21 days old",,Single-generation 21-d dietary exposure,Freshwater 20-L glass tanks,Polyethylene and polyvinyl chloride,Microplastic,PE 0.5–1 mm; PVC 2–3 mm,Fragment lengths stated from preparation and supplementary characterization,Irregular fragments/dust,Virgin fragments washed with 75% alcohol and ultrasonicated,No,Dietary pellets,21 d; fed twice daily after 48-h fasting,Fingerlings after one-day acclimation,21 d,PVC 10 mg per 10 g feed; PE 15–20 particles per pellet; approximately 15–20 particles reportedly fed per fish,mg/feed and particles/pellet or fish,YES,,Commercial feed without plastic fragments,20-L exposure tank,3 tanks per treatment described,6 fish per tank described; Table 1 reports 10 fish and processing text refers to 12 fish,Dietary challenge using large fragments; delivered dose is incompletely standardized,"Gill/GIT accumulation; SOD, GPX and MDA; histopathology; tissue protein, lipid and carbohydrate","Growth, condition factor, qualitative feeding/aggression, swelling, fin damage and mortality",YES at treatment level; individual/tank linkage is not reported,"PARTIAL - exact fish-level means and selected text values, but tank-level variance is unavailable and several figures are graphical",Supplementary figures S1–S5 cited but not supplied,Not reported,INCLUDE,Manually verified,"The article conflicts on sample size and dose. Three tanks × six fish are described, Table 1 and Table 2 use 10 fish, and tissue processing cites 12 fish. Fish-level SD cannot be used as tank-level replication. The PE condition-factor SD is malformed as 0.0.48.",YES,YES,YES,YES,YES,NO,YES,NO,,,,,,,"Three tanks are described, but table SD and n are fish-level and source sample sizes conflict, preventing valid tank-level effect sizes.",2025,Fish,Freshwater,Dietary,Mixed polymers,Microplastic,Juvenile,Single-generation,Partially reusable,2025,Fish,Dietary,Mixed polymers,Microplastic
B1-144,10.1007/s10499-025-01891-3,https://doi.org/10.1007/s10499-025-01891-3,Impact of ingested microplastics on phenotypic traits and biochemical parameters in Nile tilapia (Oreochromis niloticus) juvenile,Sheikh Mustafizur Rahman; Fatima Tuz Zohora; Tania Sultana Mohona; Momotaz Khanom; Md. Moshiur Rahman; Md. Golam Sarower; Muhammad Abdur Rouf; Md. Nazrul Islam; Roshmon Thomas Mathew; Yousef Ahmed Alkhamis; Yousof Naser Alrashada; Lamya Ahmed Alkeridis; El-Sayed Hemdan Eissa; Sameh A. Abdelnour,2025,2025,Aquaculture International,0433_2025_Rahman_Impact_of_ingested_microplastics_on_phenotypic_traits_and_biochemical_param_s10499-025-01891-3.pdf,Oreochromis niloticus,Fish,"Juveniles, initial 0.3–0.4 g and 2.6–2.65 cm",,Single-generation 50-d feeding/water exposure,Freshwater 35-L glass aquaria,Polyethylene terephthalate,Microplastic,<5 mm,Sieved below 5 mm; no distribution reported,Ground irregular fragments,Secondary-like fragments prepared from green PET bottles,No,Dietary plus waterborne ingestion,"T2 received reduced commercial ration plus MPs; T3 alternated feeding, fasting and MPs in water over 50 d",Juveniles after 15-d acclimation,50 d,"T1 4% feed; T2 2% feed + 2% MPs; T3 4% feed day 1, fasting day 2, 4% MPs in water day 3",% body weight or treatment ration; delivery basis inconsistent,NO - nutritional schedule differs among groups,Feed restriction/fasting schedule,Commercial-pellet control,35-L aquarium,3 aquaria per treatment,20 fish per aquarium,Bottle-derived PET fragments but very high and poorly standardized loading,Liver SOD and CAT; proximate composition; gut occurrence,"Survival, growth, morphometrics and body shape",YES at treatment level,"PARTIAL - exact survival percentages, hazard ratios and proximate means; most morphometric and enzyme values figure-only",Supplementary Figures S1–S3 cited; not supplied,Not reported,INCLUDE,Manually verified,"Exposure is inseparable from altered feeding quantity and fasting, especially T3. Table 2, abstract and Results conflict on ash direction; exact table values are preserved without resolving the contradiction.",YES,YES,YES,YES,YES,NO,YES,NO,,,,,,,"Three aquaria are reported, but most exact values are assay means or figure-only and the treatment schedules alter feed quantity/fasting.",2025,Fish,Freshwater,Mixed waterborne–dietary,PET,Microplastic,Juvenile,Single-generation,Partially reusable,2025,Fish,Mixed waterborne–dietary,PET,Microplastic
B1-145,10.1007/s10646-025-02982-w,https://doi.org/10.1007/s10646-025-02982-w,Endocrine disruption and reproductive toxicity of polystyrene microplastics at environmentally relevant concentrations in Anabas testudineus,Reeha Mashirin; Kumari Chidambaran Chitra,2025,2025,Ecotoxicology,0321_2025_Mashirin_Endocrine_disruption_and_reproductive_toxicity_of_polystyrene_microplastics_s10646-025-02982-w.pdf,Anabas testudineus,Fish,Sexually mature adults in natural spawning season,Directly exposed breeders,Single-generation sex-specific time-course exposure,Freshwater 40-L glass aquaria,Polystyrene,Microplastic,0.8 mm,Manufacturer specification only,"Particles, shape not reported","Commercial virgin, dispersed with 0.1% DMSO",No,Waterborne/ingestion,Semi-static exposure with weekly water renewal at two concentrations and five durations,Adult males and females during spawning season,"1, 7, 15, 30 and 60 d","0, vehicle, 13.6 and 23.6 mg/L",mg/L,"YES, with separate DMSO vehicle",,Water control and 0.1% DMSO vehicle,Aquarium,2 aquaria per treatment,"20 fish per treatment total, 10 males and 10 females across two aquaria","Authors describe concentrations as environmentally relevant, but they are mg/L-scale","GSI, gamete quality, steroidogenic enzymes, hormones, vitellogenin and gonadal histology",Fecundity and reproductive fitness,YES at treatment/sex level,PARTIAL - exact text percentages and model F statistics; arm means and SD are figure-only,No numerical supplement supplied,Not reported,INCLUDE,Manually verified,All quantitative outcome means are plotted rather than tabulated. Some text says activity decreased to a percentage whereas other effects are reported as percentage decreases; wording is retained to avoid converting between percent-of-control and percent-change.,YES,YES,YES,NO,NO,YES,YES,NO,,,,,,,"n=10 per sex/group and two aquaria are described, but exact arm means and SD are graphical only.",2025,Fish,Freshwater,Waterborne,PS,Microplastic,Adult,Single-generation,Directional or nonstandard evidence only,2025,Fish,Waterborne,PS,Microplastic
B1-146,10.1007/s00343-023-3179-1,https://doi.org/10.1007/s00343-023-3179-1,Fairy shrimp Branchinella kugenumaensis displays sensitivity to microplastic exposure,Yingying Zhang; Xinrui Xu; Wenbo Sun; Yuting Wang; Hui Yang,2024,2023,Journal of Oceanology and Limnology,0340_2024_Zhang_Fairy_shrimp_Branchinella_kugenumaensis_displays_sensitivity_to_microplasti_s00343-023-3179-1.pdf,Branchinella kugenumaensis,Freshwater branchiopod crustacean,"3-d post-hatch fairy shrimp, initial length 4.13±0.13 mm",,Short-term 4-d exposure followed by 3-d depuration,Freshwater 2-L beakers,Polystyrene,Nano/microplastic boundary series,"0.1, 1 and 5 µm",SEM images; actual mass concentrations quantified for 1 and 5 µm only,Green fluorescent spheres,Commercial virgin,Yes,Waterborne/ingestion,Daily-renewed 4-d exposure followed by 3 d in clean water,3 dph,4 d exposure plus 3 d depuration,"0, 10 µg/L and 1 mg/L for each particle size",µg/L or mg/L,YES,,No-particle water control,2-L beaker,3 beakers per treatment,150 fairy shrimp per beaker,Includes low concentration but particle-number exposure differs by orders of magnitude across size,"Intestinal accumulation, lysosomes, apoptosis, ultrastructure and transcriptomics","Mortality, growth and post-exposure persistence",YES at treatment level,PARTIAL - exact DEG counts and directional significance; survival and growth means remain figure-only,Supplementary Fig. S1 and Table S1 cited; not supplied,Not reported,INCLUDE,Manually verified,The 0.1-µm treatment is nanoplastic by common definitions although described collectively as MPs. Actual exposure concentration could not be counted for 0.1 µm. No graphical values were estimated.,YES,YES,YES,NO,YES,YES,YES,NO,,,,,,,"Three beakers are explicit, but apical values are figure-only; exact transcriptomic counts are retained.",2023,Crustacean,Freshwater,Waterborne,PS,Nano–micro mixed or boundary,Other or unclear,Single-generation or unclear,Directional or nonstandard evidence only,2023,Crustacean,Waterborne,PS,Nano–micro mixed or boundary
B1-147,10.1007/s13273-021-00162-5,https://doi.org/10.1007/s13273-021-00162-5,Biochemical and physiological responses of the water flea Moina macrocopa to microplastics: a multigenerational study,Jaehee Kim; Jae-Sung Rhee,2021,2021,Molecular & Cellular Toxicology,0350_2021_Kim_Biochemical_and_physiological_responses_of_the_water_flea_Moina_macrocopa_t_s13273-021-00162-5.pdf,Moina macrocopa,Freshwater cladoceran,Neonates <24 h for each generation,Parthenogenetic founders and descendants,"Three-generation continuous exposure, F0–F2",Elendt M4 freshwater medium,Polystyrene for chronic tests; fluorescent melamine resin for ingestion demonstration,Microplastic/nanoplastic boundary,1 µm,PS 1.00–1.20 µm; fluorescent melamine 1.00–1.05 µm,Microbeads,Commercial non-functionalized virgin PS,Separate melamine-resin tracer only,Waterborne/ingestion,Semi-static 14-d exposure per generation with medium renewal twice weekly,Neonates <24 h,14 d per generation; biomarkers at day 1 and day 7,"0, 0.001, 0.01, 0.1, 1, 10, 50, 100 and 500 µg/L",µg/L,YES,,No-particle control within each generation,Individual vessel for life-history assay; pooled groups for biomarkers,10 individually exposed neonates per concentration; 3 pooled biochemical replicates,1 animal per life-history vessel; 30–33 pooled animals per biochemical replicate,Wide concentration series spanning sub-ng/mL to 0.5 mg/L,"Oxidative stress, antioxidant enzymes, Hsp70, GST and AChE","Survival, growth, molting and reproduction across three generations",YES at generation/treatment level; biochemical cohorts pooled separately,LOW/PARTIAL - figures report mean±SD and significance but no exact tables,No numerical supplement supplied,Not reported,INCLUDE,Manually verified,"The ingestion demonstration used fluorescent melamine resin rather than PS. A Methods sentence says day-7 results were excluded, but the Results and figure clearly analyze day 1 and day 7 while excluding day 14; this is coded as a source typo.",YES,YES,YES,NO,YES,YES,YES,NO,,,,,,,"Life-history units and pooled biomarker replicates are described, but all outcome means remain graphical.",2021,Crustacean,Freshwater,Waterborne,PS,Nano–micro mixed or boundary,Embryo or larva,Inter- or multigenerational,Directional or nonstandard evidence only,2021,Crustacean,Waterborne,PS,Nano–micro mixed or boundary
B1-148,10.1007/s00244-021-00833-3,https://doi.org/10.1007/s00244-021-00833-3,"Effects of Microplastics, Polystyrene, and Polyethylene on Antioxidants, Metabolic Enzymes, HSP-70, and Myostatin Expressions in the Giant River Prawn Macrobrachium rosenbergii: Impact on Survival and Growth",Irene Monica Jaikumar; Saravana Bhavan Periyakali; Udayasuriyan Rajendran; Sheu Joen-Rong; Jayakumar Thanasekaran; Fong Tsorng-Harn,2021,2021,Archives of Environmental Contamination and Toxicology,0351_2021_Jaikumar_Effects_of_Microplastics__Polystyrene__and_Polyethylene_on_Antioxidants__Me_s00244-021-00833-3.pdf,Macrobrachium rosenbergii,Freshwater decapod crustacean,"Juveniles, initial 2.72±0.11 cm and 0.42±0.02 g",,Single-generation 60-d dietary exposure,Freshwater 20-L plastic aquaria,Polystyrene and polyethylene,Microplastic,PS 0.5–1.0 µm; PE 30–150 µm,SEM-confirmed size and morphology,PS spheres; PE irregular flakes,Commercial PS; ground milk-cover PE containing titanium and possible additives,No,Dietary,Ad libitum formulated diet for 60 d,Juveniles after acclimation,60 d,"0, 1, 5 and 10 mg per 100 g feed for each polymer",mg/100 g feed,"YES, polymer-specific",Potential PE additives/titanium,Basal diet without added particles,20-L aquarium,3 aquaria per treatment,20 prawns per aquarium,Dietary loading is controlled but PE is ground consumer packaging rather than pure polymer,"Antioxidants, lipid peroxidation, transaminases, total RNA, HSP70 and myostatin","Survival, final size and growth gain",YES at treatment level,HIGH for exact table values; independent n is not fully mapped to aquaria,No supplement required for Tables 1–3,Not reported,INCLUDE,Manually verified,Table 1 reports n=10 individual observations despite triplicate aquaria; Table 2 reports n=3 individual observations without confirming one sample per aquarium. Exact means and SD are retained but not promoted to primary comparisons.,YES,YES,YES,YES,YES,UC,YES,NO,,,,,,,"Tables provide extensive exact means and SD, but source n=10 and n=3 are not mapped unambiguously to the triplicate exposure aquaria.",2021,Crustacean,Freshwater,Dietary,Mixed polymers,Microplastic,Juvenile,Single-generation,Partially reusable,2021,Crustacean,Dietary,Mixed polymers,Microplastic
B1-149,10.1016/j.jhazmat.2024.136529,https://doi.org/10.1016/j.jhazmat.2024.136529,"Short-term polystyrene nanoplastic exposure alters zebrafish male and female germline and reproductive outcomes, unveiling pollutant-impacted molecular pathways",Gala Pujol; Laia Marín-Gual; Laura Gonzalez-Rodelas; Lucía Alvarez-González; François Chauvigné; Joan Cerdà; Mariana Teles; Nerea Roher; Aurora Ruiz-Herrera,2025,2024,Journal of Hazardous Materials,0531_2025_Pujol_Short-term_polystyrene_nanoplastic_exposure_alters_zebrafish_male_and_femal_j.jhazmat.2024.136529.pdf,Danio rerio,Fish,Adult males and females; F1 embryos/larvae assessed after breeding,Directly exposed breeders,Acute parental exposure with germline and F1 reproductive assessment,Freshwater 4-L aquaria,Polystyrene,Nanoplastic,45–50 nm,"Hydrodynamic size, PDI and zeta potential stable from 0–96 h in aquarium water",Commercial spheres,Commercial engineered virgin particles,No for main experiment; Dragon-Green label in separate 48-h uptake cohort,Waterborne,5 mg/L added daily for 96 h; 50% water renewal every other day; fish unfed during exposure,Adult fish after 2-week acclimation,96 h main exposure; 48 h labeled-particle uptake cohort,0 and 5000 µg/L,µg/L,YES,Uniform fasting during exposure,Sex-matched water control,4-L aquarium,3 aquaria per sex and condition,6 fish per aquarium,"Acute engineered exposure at 5 mg/L, substantially above likely field concentrations","Gonadal histology, sperm clustering, apoptosis, meiotic DSB repair, RNA-seq, particle internalization and oocyte-stage distribution","Sperm motility, egg production, F1 survival, hatching and heartbeat",YES,"PARTIAL - exact egg means, oocyte frequencies, cell percentages, DEG counts and model p-values; most arm means/SD are figure-only",Supplementary figures and Tables S1–S2 cited but not supplied,RNA-seq public at GEO GSE279916,INCLUDE,Manually verified,Cell clusters and germ cells are nested within a small number of fish and aquaria. Exact cellular sample counts are not independent exposure replicates and were not used as meta-analytic n.,YES,YES,YES,UC,UC,YES,YES,YES,,,,,,,"Most biological means and SD are graphical, but exact percentages, egg means, DEG counts and public RNA-seq data are available; cellular observations are nested.",2024,Fish,Freshwater,Waterborne,PS,Nanoplastic,Multiple stages or life cycle,Inter- or multigenerational,Directional or nonstandard evidence only,2024,Fish,Waterborne,PS,Nanoplastic
B1-150,10.1007/s00128-023-03813-6,https://doi.org/10.1007/s00128-023-03813-6,"Polyethylene Microplastics Affected Survival Rate, Food Intake and Altered Oxidative Stress Parameters in Freshwater Snail Indoplanorbis exustus",Dipak Sapkale; Pratibha Kurkute; Anurupa Mistry; Sangeeta V. Pandit,2023,2023,Bulletin of Environmental Contamination and Toxicology,0435_2023_Sapkale_Polyethylene_Microplastics_Affected_Survival_Rate__Food_Intake_and_Altered__s00128-023-03813-6.pdf,Indoplanorbis exustus,Freshwater gastropod,Adults,Directly exposed adults,Acute LC50 test and 7-d sublethal exposure followed by 4-d recovery,Freshwater 1-L beakers,Low-density polyethylene,Microplastic,8–100 µm,59.21±24.8 µm from 150 particles; modal interval 40–50 µm,Irregular fragments,Laboratory-ground virgin LDPE pellets,No,Waterborne and ingestion,96-h acute test; 7-d exposure at four sublethal concentrations followed by 4 d in clean water,Adult snails after 7-d acclimation,96 h acute; 7 d treatment plus 4 d recovery,"0, 10, 50, 100 and 150 mg/L; acute LC50 872 mg/L",mg/L,YES,,Laboratory water control plus field-control and contaminated-source reference groups,Replicate beaker,3 independent replicates,12 snails per concentration in total; replicate allocation not stated,Sublethal concentrations are high but overlap upper values cited by authors for contaminated sediments/waters,"Tissue protein, SOD, CAT and lipid peroxidation in ovary, hepatopancreas, intestine and cerebral ganglion","Survival, food intake and body weight",YES,"PARTIAL - exact LC50, particle size and contaminated-source protein values; treatment means/SD are figure-only",Supplementary Tables 1–5 cited but not supplied,Not reported,INCLUDE,Manually verified,The allocation of 12 snails per group among three replicates and the destructive sampling scheme for treatment versus recovery are not fully described. Figure values were not visually estimated.,YES,YES,YES,NO,YES,UC,YES,NO,,,,,,,Treatment-arm means and SD are graphical and supplementary tables are absent; LC50 and several descriptive values are exact.,2023,Mollusc,Freshwater,Waterborne,PE family,Microplastic,Adult,Single-generation or unclear,Directional or nonstandard evidence only,2023,Mollusc,Waterborne,PE family,Microplastic
B1-151,10.1038/srep41323,https://doi.org/10.1038/srep41323,Adverse effects of microplastics and oxidative stress-induced MAPK/Nrf2 pathway-mediated defense mechanisms in the marine copepod Paracyclopina nana,Chang-Bum Jeong; Hye-Min Kang; Min-Chul Lee; Duck-Hyun Kim; Jeonghoon Han; Dae-Sik Hwang; Sami Souissi; Su-Jae Lee; Kyung-Hoon Shin; Heum Gi Park; Jae-Seong Lee,2017,2017,Scientific Reports,0463_2017_Jeong_Adverse_effects_of_microplastics_and_oxidative_stress-induced_MAPK_Nrf2_pat_srep41323.pdf,Paracyclopina nana,Marine copepod,"Newborn nauplii, ovigerous females and pooled adults for mechanistic assays",Directly exposed adults for fecundity and pooled biochemical assays,"Size-by-concentration exposure with developmental, fecundity and oxidative-stress mechanisms","Artificial seawater, 15 psu",Polystyrene,Nanoplastic and microplastic,"0.05, 0.5 and 6 µm",Manufacturer nominal diameters,Non-functionalized spheres,Commercial virgin,Separate fluorescent particles for ingestion/egestion,Waterborne and ingestion,0.1–20 µg/mL with daily half-medium renewal for life-history tests; 10 or 20 µg/mL for 24-h mechanistic assays,Newborn nauplii or ovigerous females,"Development until maturity for life-history tests; 24 h for uptake, ROS and enzyme assays","0, 0.1, 1, 10 and 20 µg/mL for each size",µg/mL,YES,0.5 mM N-acetyl-L-cysteine in mechanistic rescue experiment,No-particle control and NAC-matched control,Culture-well replicate,3 replicates,10 nauplii or 10 ovigerous females per replicate; ~500 pooled copepods for biochemical assays,Concentrations are high and particle-number exposures differ by many orders of magnitude among sizes,"ROS, MAPK phosphorylation, Nrf2 and GSH-related antioxidant enzymes",Developmental time and fecundity,YES at size-treatment level; pooled mechanistic cohorts are separate,PARTIAL - exact particle-number equivalents and directional/p-value evidence; biological means/SD are graphical,Supplementary Figure S1 cited; not supplied,Not reported,INCLUDE,Manually verified,The Fig. 2 caption says 24-h exposure although developmental time to adulthood necessarily spans multiple days. Methods indicate continued exposure with daily renewal until maturity; this discrepancy is flagged.,YES,YES,PARTIAL,NO,YES,YES,YES,NO,,,,,,,"Three replicate wells are reported, but biological means remain graphical and exposure duration wording conflicts for developmental endpoints.",2017,Crustacean,Marine,Waterborne,PS,Nano–micro mixed or boundary,Multiple stages or life cycle,Single-generation or unclear,Directional or nonstandard evidence only,2017,Crustacean,Waterborne,PS,Nano–micro mixed or boundary
B1-152,10.3389/fphys.2021.668645,https://doi.org/10.3389/fphys.2021.668645,A Holistic Assessment of Polyethylene Fiber Ingestion in Larval and Juvenile Japanese Medaka Fish,Elizabeth DiBona; Lee J. Pinnell; Annika Heising-Huang; Simon Geist; Jeffrey W. Turner; Frauke Seemann,2021,2021,Frontiers in Physiology,0507_2021_DiBona_A_Holistic_Assessment_of_Polyethylene_Fiber_Ingestion_in_Larval_and_Juvenil_fphys.2021.668645.pdf,Oryzias latipes,Fish,7-dph larvae and 28-dph juveniles,,Parallel larval and juvenile 21-d dietary exposure,Freshwater 2-L tanks,"Polyethylene, 86% FTIR match to LDPE",Microplastic fiber,100 µm larvae; 400 µm juveniles,Cut lengths; multifilament yarn,Blue fibers,"Commercial multifilament yarn, paraffin removed after microtome cutting",No,Dietary,0–6 fibers/fish/day in feed for 21 d,7 dph larvae and 28 dph juveniles,21 d,"0, 0.5, 1.5, 3 and 6 fibers/fish/day",fibers/fish/day,YES,,Life-stage-specific feed control,2-L tank,5 tanks per life stage and dose,50 fish per tank,Low fiber-number dietary doses selected to resemble field ingestion,"GIT retention, microbiota, digestive-gene expression and intestinal histomorphology",Growth and Fulton condition factor,YES,"FIGURE/RAW DATA - means and SD are graphical, but microbiome data and other raw data are publicly linked",Supplementary material available online but not uploaded,16S data at BioProject PRJNA748405; other raw data in linked GitHub repository,INCLUDE,Manually verified,Five independent tanks are explicit. No figure values were estimated because the manuscript provides public raw-data links that should be used for quantitative recovery.,YES,YES,YES,NO,YES,YES,YES,YES,,,,,,,Five tanks per dose are explicit and public raw-data links exist; manuscript means remain graphical.,2021,Fish,Freshwater,Dietary,PE family,Microplastic,Multiple stages or life cycle,Single-generation or unclear,Directional or nonstandard evidence only,2021,Fish,Dietary,PE family,Microplastic
B1-153,10.1007/s00244-018-0504-3,https://doi.org/10.1007/s00244-018-0504-3,Continuous Exposure to Microplastics Does Not Cause Physiological Effects in the Cultivated Mussel Perna perna,Marina F. M. Santana; Fabiana T. Moreira; Camilo D. S. Pereira; Denis M. S. Abessa; Alexander Turra,2018,2018,Archives of Environmental Contamination and Toxicology,0515_2018_Santana_Continuous_Exposure_to_Microplastics_Does_Not_Cause_Physiological_Effects_i_s00244-018-0504-3.pdf,Perna perna,Marine bivalve,"Immature mussels, mean shell length 2.5 cm",,Single-generation 90-d chronic individual exposure,Marine natural seawater in individual 2-L aquaria,Emulsion/microsuspension polyvinyl chloride,Nano/microplastic boundary,0.1–1.0 µm,Industrial specification,Powder particles,Industrial-grade E/M PVC with undisclosed additives,No,Waterborne filtration and ingestion,Continuous 0.125 g/L exposure for 90 d with 50% water replacement three times weekly and dose replacement,Immature cultured mussels after 5-d acclimation,90 d,"0 and 0.125 g/L, equivalent to 1.115×10^10 particles/L",g/L,YES,,Natural-seawater control,Individual 2-L aquarium,40 independently housed mussels per arm,1 mussel per aquarium,Lower than several earlier experiments but still extremely high relative to measured field concentrations,"Lysosomal integrity, lipid peroxidation and DNA damage","Mortality, clearance rate, assimilation efficiency, growth rate and condition index",YES,COMPLETE for seven endpoints because exact mean±SD and df are printed in Figs. 1–2,Online supplementary preliminary experiment cited but not supplied,Not reported,INCLUDE,Manually verified,"Exact printed figure labels permit seven independent-unit comparisons. The growth-rate axis says cm/month, while Methods and caption indicate a weight-based rate and g/month; g/month is retained with the conflict flagged.",YES,YES,YES,YES,YES,YES,YES,NO,,,,,,,Seven exact mean±SD outcomes have independent-unit sample sizes and support primary comparisons.,2018,Mollusc,Marine,Waterborne/filter-feeding,PVC,Nano–micro mixed or boundary,Adult,Single-generation,Fully reusable for conventional effect size,2018,Mollusc,Waterborne/filter-feeding,PVC,Nano–micro mixed or boundary
B1-154,10.1016/j.envpol.2023.121053,https://doi.org/10.1016/j.envpol.2023.121053,"Effects of weathered polyethylene microplastic ingestion on sexual maturation, fecundity and egg quality in maturing broodstock Atlantic cod Gadus morhua",M. Fernández-Míguez; V. Puvanendran; E. Burgerhout; P. Presa; H. Tveiten; K. Vorkamp; Ø. J. Hansen; G. S. Johansson; A. S. Bogevik,2023,2023,Environmental Pollution,0686_2023_Fernândez-Míguez_Effects_of_weathered_polyethylene_microplastic_ingestion_on_sexual_maturati_j.envpol.2023.121053.pdf,Gadus morhua,Fish,Four-year-old maturing broodstock,Directly exposed breeders,Nine-month parental dietary exposure from early maturation through spawning,Marine 25-m3 land-based tanks under natural Tromsø light and temperature,Linear low-density polyethylene,Microplastic,0.3–0.6 mm,Sieved fraction; no post-weathering size distribution reported,Powder fragments,Naturally weathered for 4 months in inner Oslofjord; sorbed POPs quantified,No,Dietary,Control feed or feed containing 1% weathered PE; ad libitum three times weekly from June 2017 to May 2018,Four-year-old broodstock after transfer from sea cages,Approximately 9 months,0 and 1% w/w feed,% of diet,"YES, but weathered particles contain sorbed contaminants and inherited additives",Weathering-associated POPs and unmeasured additives; measured POP contribution was low relative to feed background,Matched feed from same ingredient mix without PE,Tank,Initially 3 tanks/diet; reduced to 2 tanks/diet after September sampling,29–37 fish per tank initially; sequential destructive sampling,"Long duration and natural weathering improve realism, but 1% dietary inclusion is high","Digestibility, gonad histology, plasma sex steroids and reproductive-gene expression","Body condition, gonadosomatic index, fecundity, fertilization success, normal cleavage and hatching",YES,COMPLETE for egg-output and four egg-quality comparisons; most longitudinal biometrics and gene-expression means are graphical,Supplementary Tables 1–4 and Figures cited but not uploaded,Not reported,INCLUDE,Manually verified,Reproductive endpoints have only two independent tanks per diet after tank consolidation. Weathered-particle effects cannot be fully separated from unmeasured additives or sorbed chemicals.,YES,YES,YES,YES,YES,YES,YES,NO,,,,,,,Two-tank egg-output and egg-quality data are variance-complete; other outcomes remain graphical and weathered-particle chemistry is not pure polymer.,2023,Fish,Marine,Dietary,PE family,Microplastic,Other or unclear,Inter- or multigenerational,Fully reusable for conventional effect size,2023,Fish,Dietary,PE family,Microplastic
B1-155,10.1093/icesjms/fsad049,https://doi.org/10.1093/icesjms/fsad049,No effects of plasticized microplastics on the body condition and reproduction of a marine fish,M. I. McCormick; E. P. Fakan; G. Vamvounis; S. Bosshard; C. Moad; E. Smyth; P. Gatenby; J. Edmiston; K. Patel; B. J. M. Allan,2023,2023,ICES Journal of Marine Science,0579_2023_McCormick_No_effects_of_plasticized_microplastics_on_the_body_condition_and_reproduct_icesjms_fsad049.pdf,Acanthochromis polyacanthus,Fish,Adult breeding pairs,Directly exposed breeders,Five-month intermittent dietary exposure with reproduction monitored for 124–133 d,Marine 200-L flow-through tanks,Polystyrene,Microplastic fragment,0.89–2.9 mm,Mean maximum width 1.89±0.44 mm,Irregular fragments,Laboratory reconstituted virgin PS or PS containing 14.72–14.96% plasticizer,No,Dietary,"Plastic-containing diet supplied Monday, Wednesday and Friday mornings, three of every 14 feeds, for approximately 150 d",Established adult breeding pairs,Approximately 150 d; reproduction monitored 124–133 d,"No plastic; virgin PS; PS+DEHP; PS+DEHT, diet averaged 11.3±6.2% plastic by weight",% of pulse feed,YES for virgin PS only,15% w/w DEHP or DEHT incorporated into PS in two arms,No-plastic diet and virgin-PS comparator,Breeding-pair tank,"6 control pairs, 6 virgin-PS pairs, 5 DEHP pairs and 5 DEHT pairs",One breeding pair per tank,"Intermittent exposure and large fragments mimic sporadic ingestion, but pulse-feed plastic content is high",Liver hepatocyte density and vacuolation,"Growth, condition indices, reproductive behavior, clutch production, egg number and embryo survival",YES,"PARTIAL - exact F, p and partial eta-squared statistics; treatment means and dispersion are mostly graphical",Supplementary methods and figures cited but not uploaded,Not reported,INCLUDE,Manually verified,"The breeding pair is the correct reproductive unit. Group means are mostly figure-only, preventing variance-complete arm comparisons despite extensive null-result statistics.",YES,YES,YES,NO,NO,YES,YES,NO,,,,,,,"Independent breeding pairs and exact model statistics are clear, but arm means and dispersion are mostly graphical.",2023,Fish,Marine,Dietary,PS,Microplastic,Adult,Single-generation or unclear,Directional or nonstandard evidence only,2023,Fish,Dietary,PS,Microplastic
B1-156,10.1016/j.jhazmat.2024.136616,https://doi.org/10.1016/j.jhazmat.2024.136616,Female zebrafish are more affected than males under polystyrene microplastics exposure,Di Wu; Laura Carter; Paul Kay; Joseph Holden; Ying Yin; Hongyan Guo,2025,2024,Journal of Hazardous Materials,0608_2025_Wu_Female_zebrafish_are_more_affected_than_males_under_polystyrene_microplasti_j.jhazmat.2024.136616.pdf (uploaded file is figure supplement; accepted manuscript reviewed at White Rose Research Online),Danio rerio,Fish,Five-month-old adult females and males,Directly exposed adults and subsequent breeding crosses,Sex-stratified 21-d exposure followed by factorial breeding of exposed and control parents,Freshwater glass tanks,Polystyrene,Microplastic,1 µm,Manufacturer diameter; no independent size distribution reported in supplied files,Spheres,Virgin commercial particles; fluorescent particles used only for accumulation cohort,Fluorescent PS for tissue accumulation; virgin PS for toxicity,Waterborne with ingestion and gill contact,0 or 30 mg/L for 21 d; sexes housed separately,Five-month-old adults,21 d,0 and 30 mg/L,mg/L,YES,,Sex-matched no-particle controls and four parental-history breeding crosses,Glass tank,4 tanks per sex and treatment; approximately 30 fish/tank,Approximately 30 fish per tank; breeding endpoint n=4 pairs/cross type,Single high mechanistic concentration above typical freshwater levels,"Tissue accumulation, mucus immunity, liver oxidative stress, gut histology, microbiome, metabolome, stable isotopes and sex hormones",Egg production in factorial parental crosses,YES,PARTIAL - exact OTU counts and directional/p-value evidence; arm means and SD are graphical,Uploaded PDF contains supplemental figures only; accepted manuscript was reviewed from institutional repository,No public accession identified in the accepted manuscript,INCLUDE,Manually verified,The main article was not the uploaded PDF. It was verified against the accepted manuscript hosted by White Rose. No figure heights were converted to numerical means.,YES,YES,YES,NO,YES,YES,YES,NO,,,,,,,Four tanks per sex/treatment are explicit. The supplied PDF is only a figure supplement and main arm means are graphical.,2024,Fish,Freshwater,Waterborne,PS,Microplastic,Adult,Single-generation or unclear,Directional or nonstandard evidence only,2024,Fish,Waterborne,PS,Microplastic
B1-157,10.1007/s10646-024-02749-9,https://doi.org/10.1007/s10646-024-02749-9,"Toxicological assessment of dietary exposure of polyethylene microplastics on growth, nutrient digestibility, carcass and gut histology of Nile Tilapia (Oreochromis niloticus) fingerlings",Muhammad Mahmood; Syed Makhdoom Hussain; Pallab K. Sarker; Shafaqat Ali; Muhammad Saleem Arif; Nadia Nazish; Danish Riaz; Nisar Ahmad; Bilal Ahamad Paray; Adan Naeem,2024,2024,Ecotoxicology,0612_2024_Mahmood_Toxicological_assessment_of_dietary_exposure_of_polyethylene_microplastics__s10646-024-02749-9.pdf,Oreochromis niloticus,Fish,"Fingerlings, initial weight approximately 6 g",,Single-generation 60-d dietary dose-response,Freshwater indoor tanks,Low-density polyethylene,Microplastic,500 µm–2 mm,Sieved range only,White fragments,Unspecified source and aging state,No,Dietary,"0, 2, 4, 6, 8 or 10% LDPE-MPs replacing wheat flour in pellets; fish fed 5% biomass twice daily for 60 d",Fingerlings after 15-d acclimation,60 d,"0, 2, 4, 6, 8 and 10% of diet",% w/w diet,"YES, with diet-substitution confounding","Progressive replacement of wheat flour by LDPE, changing digestible diet fraction",Sunflower-meal basal diet without LDPE,Tank,3 tanks per diet,Reported inconsistently as 240 fish total and 15 fish in each of 18 tanks,Very high dietary inclusion and coarse particles,"Fecal composition, apparent nutrient digestibility, carcass composition and gut histopathology","Final weight, weight gain, weight-gain percentage, SGR and FCR",YES,COMPLETE for Table 3 growth and fecal-composition means±SD; other outcomes are graphical or ordinal,No supplementary file supplied,Not reported,INCLUDE,Manually verified,"The reported total fish number conflicts with 18 tanks × 15 fish. LDPE replaced wheat flour, so growth effects combine particle exposure with dietary dilution; sensitivity analyses should flag this design.",YES,YES,YES,YES,YES,YES,YES,NO,,,,,,,Table 3 provides tank-level mean±SD for growth and fecal composition; fish totals conflict and diets are compositionally diluted by wheat-flour replacement.,2024,Fish,Freshwater,Dietary,PE family,Microplastic,Juvenile,Single-generation,Fully reusable for conventional effect size,2024,Fish,Dietary,PE family,Microplastic
B1-158,10.2147/IJN.S485091,https://doi.org/10.2147/IJN.S485091,Exposure to Nanoplastics Cause Caudal Vein Plexus Damage and Hematopoietic Dysfunction by Oxidative Stress Response in Zebrafish (Danio rerio),Juntao Chen; Chunjiao Lu; Wenjie Xie; Xiaoqian Cao; Jiannan Zhang; Juanjuan Luo; Juan Li,2024,2024,International Journal of Nanomedicine,0648_2024_Chen_Exposure_to_Nanoplastics_Cause_Caudal_Vein_Plexus_Damage_and_Hematopoietic__ijn.s485091.pdf,Danio rerio,Fish,Embryos and larvae from 2 hpf,,Embryonic dose-response plus H2O2 exacerbation and NAC rescue cohorts,Freshwater E3 medium in dishes and 6-well plates,Not reported,Nanoplastic,20 nm,No independent characterization reported,Not reported,"Commercial stock, composition unspecified",No particle label; Tg(kdrl:eGFP) labels vascular endothelium,Waterborne,"0, 2, 5 or 8 mg/L from 2 hpf with daily renewal; mechanistic 4 mg/L NP with 1 mM H2O2 and 8 mg/L NP with 10 µM NAC",2 hpf embryos,46–72 h depending endpoint,"0, 2, 5 and 8 mg/L; mechanistic 4 mg/L",mg/L,"YES for main dose-response, but polymer identity is unspecified",1 mM H2O2 or 10 µM NAC in mechanistic cohorts,"E3 control, H2O2 comparator and NAC comparator",Well/independent replicate,3 independent replicates; 30 embryos/well for vascular assays,Outcome-specific n=30–100 embryos per concentration; replicate allocation incompletely reported,High concentrations and unspecified polymer limit environmental inference,"CVP vascular morphology, RNA-seq, WGCNA, scRNA-seq integration, oxidative-stress rescue and HSPC markers","Survival, hatching, body length, heart rate and tail morphology",YES across dose-response; mechanistic rescue uses separate cohorts,PARTIAL - two exact high-dose percentages and extensive directional/p-value evidence; means/SD remain graphical,Supplementary figure cited but not supplied separately,Study-generated RNA-seq accession not reported; public GSE146404 was reused for scRNA-seq analysis,INCLUDE,Manually verified,"The polymer chemistry is not stated. Percentages such as 66.67% are reported despite nominal n=100 and appear to be replicate means, so they were not back-calculated to counts.",YES,YES,YES,NO,YES,UC,PARTIAL,NO,,,,,,,Most values are graphical; polymer identity and replicate allocation for outcome-specific n are incompletely reported.,2024,Fish,Freshwater,Waterborne,Unspecified,Nanoplastic,Embryo or larva,Single-generation or unclear,Directional or nonstandard evidence only,2024,Fish,Waterborne,Unspecified,Nanoplastic
B1-159,10.1007/s10646-023-02683-2,https://doi.org/10.1007/s10646-023-02683-2,"Impact of polyethylene microplastics on the clam Ruditapes decussatus (Mollusca: Bivalvia): examination of filtration rate, growth, and immunomodulation",Sami Abidli; Salha Zaidi; Ridha Ben Younes; Youssef Lahbib; Najoua Trigui El Menif,2023,2023,Ecotoxicology,1062_2023_Abidli_Impact_of_polyethylene_microplastics_on_the_clam_Ruditapes_decussatus_(Moll_s10646-023-02683-2.pdf,Ruditapes decussatus,Bivalve,Adult clams,Directly exposed adults,Single-generation 14-day concentration-response,Marine filtered seawater in 5-L experimental aquaria,"Polyethylene, ultra-high molecular weight",Microplastic,40–48 µm,Commercial stated size; no independent size distribution,Commercial particles; shape not reported,"Virgin, additive-free commercial particles",No,Waterborne,"0, 10, 100 or 1000 µg/L; water renewed and re-dosed three times weekly",Adult after 4-day acclimation,14 d,"0, 10, 100 and 1000 µg/L",µg/L,YES,,Filtered-seawater control with identical feeding and renewal,Aquarium,3 aquaria per concentration,15 clams per aquarium; endpoint-specific subsampling,10 µg/L was selected as coastal-relevant; 100 and 1000 µg/L are elevated,"Filtration activity, haemocyte abundance and viability, lysosomal membrane stability",Growth and survival,YES,"PARTIAL - exact control/high filtration mean±SD, exact mortality counts and selected text statistics; remaining means are graphical",No supplement referenced for numeric outcomes,Not publicly deposited,INCLUDE,Manually verified,"Only the filtration-rate control and 1000 µg/L groups provide printed mean±SD. End-of-experiment biometric n=27 per treatment is lower than the initial 45 because of endpoint subsampling, not reported mortality. Several reported F and p pairs for weight appear internally inconsistent.",YES,YES,YES,PARTIAL,PARTIAL,YES,YES,NO,,,,,,,Filtration control/high is variance-complete; most immune and growth outcomes remain graphical and endpoint subsampling complicates n.,2023,Mollusc,Marine,Waterborne,PE family,Microplastic,Adult,Single-generation,Directional or nonstandard evidence only,2023,Mollusc,Waterborne,PE family,Microplastic
B1-160,10.1038/s41598-025-95811-3,https://doi.org/10.1038/s41598-025-95811-3,"Polystyrene microplastics exposure in freshwater fish, Labeo rohita: evaluation of physiology and histopathology",Eram Rashid; Syed Makhdoom Hussain; Shafaqat Ali; Dariusz Kucharczyk; Joanna Nowosad; Khalid A. Al-Ghanim,2025,2025,Scientific Reports,1070_2025_Rashid_Polystyrene_microplastics_exposure_in_freshwater_fish__Labeo_rohita__evalua_s41598-025-95811-3.pdf,Labeo rohita,Fish,Fingerlings,,Single-generation 90-day dietary concentration-response,Freshwater 70-L V-shaped tanks,Polystyrene,Microplastic,Mean 69 µm,Mean only; no distribution or independent microscopy reported,Whitish scrubby particles,Unweathered laboratory particles,No,Dietary,"0, 0.5, 1, 1.5, 2 or 2.5% PS-MPs in canola-meal diet; fed 5% body mass twice daily","Fingerlings, initial body mass approximately 13.2–13.8 g",90 d,"0, 0.5, 1, 1.5, 2 and 2.5% of diet",% w/w diet,"YES, with progressive wheat-flour replacement",,Canola-meal basal diet without PS-MPs,Tank,3 tanks per diet,15 fish per tank stated; abstract total of 315 conflicts with 270 implied by design,Dietary percentages are high and not directly environmentally representative,"Nutrient composition, intestinal histopathology, hematology and muscle mineral profile",Growth and feeding performance,YES,"COMPLETE for printed growth, feed/feces, hematology and mineral tables; body composition and ADC are partly graphical",No supplementary numeric dataset supplied,Available only on request,INCLUDE,Manually verified,"The stated total fish number of 315 is incompatible with 6 diets × 3 tanks × 15 fish = 270. PS-MP properties duplicate those reported for PLA-MPs in a related article and include a 158 °C melting point and 39% crystallinity, which are unusual for conventional polystyrene. Diets progressively replace wheat flour, so particle effects are partly confounded by ingredient dilution.",YES,YES,YES,YES,YES,YES,YES,NO,,,,,,,"Extensive exact tables, but total N, particle characterization and diet-replacement confounding require sensitivity analysis.",2025,Fish,Freshwater,Dietary,PS,Microplastic,Juvenile,Single-generation,Fully reusable for conventional effect size,2025,Fish,Dietary,PS,Microplastic
B1-161,10.1007/s13273-025-00578-3,https://doi.org/10.1007/s13273-025-00578-3,Physiological impacts of microplastics on the Pacific oyster Crassostrea gigas: The role of particle size and concentration,Taekyoung Seong; Mei Makino; Mitsuharu Yagi; Hisayuki Nakatani; Yusaku Kyozuka; Jae-Sung Rhee; Glenn Satuito; Hee-Jin Kim,2026,2025,Molecular & Cellular Toxicology,0769_2026_Seong_Physiological_impacts_of_microplastics_on_the_Pacific_oyster_Crassostrea_gi_s13273-025-00578-3.pdf,Crassostrea gigas,Bivalve,Adult oysters,Directly exposed adults,Three separate 15-day experiments by particle size/concentration,Marine 1-L beakers at 27 °C without complete water exchange,Polystyrene,Microplastic,3 and 6 µm,Manufacturer nominal diameters,Spherical microbeads,Virgin commercial beads,Not reported,Waterborne,3 or 6 µm PS at 0.1 or 10.0 µg/mL; particles checked and replenished daily,Adult oysters standardized to approximately 30 g,15 d,"0, 0.1 and 10.0 µg/mL",µg/mL,YES,,Separate nonconcurrent control groups for each experimental period; pooled control n=22 in survival table,Individual oyster/beaker,6–12 individuals per arm depending period,One oyster per beaker,0.1 µg/mL is elevated but plausible for particle-rich settings; 10 µg/mL is high,Oxygen consumption and tissue histopathology,Survival and growth,YES within each period,PARTIAL - exact survival counts; growth and oxygen means/dispersion are graphical,No supplement supplied,Available on request,INCLUDE,Manually verified,"Treatments were run in three separate periods with different control cohorts, so pooled comparisons require period matching. The published LnRR formula is log(T)/log(C), not the standard ln(T/C), and was not used. Reported mass-to-particle-number conversions are internally inconsistent across the 100-fold concentration contrast.",YES,PARTIAL,YES,NO,NO,YES,YES,NO,,,,,,,Exact survival counts are available; continuous means are graphical and controls were nonconcurrent across experimental periods.,2025,Mollusc,Marine,Waterborne,PS,Microplastic,Adult,Single-generation or unclear,Directional or nonstandard evidence only,2025,Mollusc,Waterborne,PS,Microplastic
B1-162,10.1007/s10646-024-02813-4,https://doi.org/10.1007/s10646-024-02813-4,"Investigating the toxicity of polylactic acid microplastics on the health and physiology of freshwater fish, Cirrhinus mrigala",Eram Rashid; Syed Makhdoom Hussain; Shafaqat Ali; Pallab K. Sarker; Mohammad Abul Farah,2024,2024,Ecotoxicology,0825_2024_Rashid_Investigating_the_toxicity_of_polylactic_acid_microplastics_on_the_health_a_s10646-024-02813-4.pdf,Cirrhinus mrigala,Fish,Fingerlings,,Single-generation 90-day dietary concentration-response,Freshwater treatment tanks,Polylactic acid,Microplastic,Mean 69 µm,Mean only; distribution not reported,Scrubby white particles,Unweathered laboratory particles,No,Dietary,"0, 0.5, 1, 1.5, 2 or 2.5% PLA-MPs sprayed onto sunflower-meal diet; fed 5% body mass","Fingerlings, initial body mass 6.38–6.92 g",90 d,"0, 0.5, 1, 1.5, 2 and 2.5% of diet",% w/w diet,"YES, with progressive wheat-flour replacement",,Sunflower-meal basal diet without PLA-MPs,Tank,3 tanks per diet,15 fish per tank; total N=270,Dietary percentages are high and not directly environmentally representative,"Nutrient digestibility, body composition, hematology, intestinal histopathology and muscle minerals",Growth and feeding performance,YES,COMPLETE for Tables 2–5; body-composition intermediate groups are graphical,No supplementary numeric dataset supplied,Available only on request,INCLUDE,Manually verified,"PLA replaces wheat flour and therefore confounds particle exposure with ingredient dilution. Results text reports FCR/SGR values that conflict with Table 2; table values were retained. Table 5 contains non-monotonic high-dose Cu and Fe values despite the stated universal mineral decline, suggesting transcription or table errors.",YES,YES,YES,YES,YES,YES,YES,NO,,,,,,,"Tables 2–5 are variance-complete, but diet dilution, prose/table conflicts and mineral anomalies require explicit QC.",2024,Fish,Freshwater,Dietary,PLA,Microplastic,Juvenile,Single-generation,Fully reusable for conventional effect size,2024,Fish,Dietary,PLA,Microplastic
B1-163,10.1007/s12011-025-04948-9,https://doi.org/10.1007/s12011-025-04948-9,"Co-exposure to Hexavalent Chromium and Polyamide Microplastics Alters Growth, Hematology, Histopathology of Tissues and Immune Genes Expression in Striped Catfish (Pangasianodon hypophthalmus)",Sheik Istiak Md Shahriar; Md Meftahul Zannat; Md Mahiuddin Zahangir; Elizabeth R. Everman; Hironori Ando; Md Shahjahan,2026,2025,Biological Trace Element Research,0845_2026_Shahriar_Co-exposure_to_Hexavalent_Chromium_and_Polyamide_Microplastics_Alters_Growt_s12011-025-04948-9.pdf,Pangasianodon hypophthalmus,Fish,Juveniles,,28-day 2×2-like particle/chromium co-exposure design,Freshwater 100-L glass aquaria,Polyamide 6 plus polyamide 66,Microplastic,125 µm–2 mm mixed size fractions,ATR-FTIR-confirmed polymer; four sieve fractions mixed in equal mass,Fresh toothbrush-filament fragments,Unused mechanically cut filaments,No,Waterborne,"Control, 10 mg/L PA-MP, 3.2 mg/L Cr6+, or both; media renewed every 4 d","Juveniles, initial body mass approximately 10.3 g",28 d,0 or 10 mg/L PA-MP,mg/L,YES (T1),Hexavalent chromium,Untreated control plus Cr-only comparator for mixture interpretation,Aquarium,3 aquaria per arm,15 fish per aquarium; total N=180,Both PA-MP and Cr6+ concentrations are high relative to most natural waters,"Internal MP burden, glucose/hemoglobin, erythrocyte abnormalities, multi-organ histopathology and immune-gene expression","Growth, feed conversion and survival",YES,"PARTIAL - exact growth table, MP burden and ordinal histopathology; blood and gene means are graphical",No supplementary numeric dataset supplied,Available on reasonable request,INCLUDE,Manually verified,"PA-MP alone provides a valid particle-only arm, while the co-exposure arm requires mixture-specific inference. The abstract/text incorrectly imply both glucose and hemoglobin increased, whereas the plotted direction is increased glucose and decreased hemoglobin. qPCR sample size is inconsistent between methods and figure caption.",YES,YES,YES,PARTIAL,PARTIAL,PARTIAL,YES,NO,,,,,,,"Exact growth and ordinal histology are available. Blood and gene means are graphical, and qPCR n conflicts between methods and caption.",2025,Fish,Freshwater,Waterborne,PA,Microplastic,Juvenile,Single-generation or unclear,Directional or nonstandard evidence only,2025,Fish,Waterborne,PA,Microplastic
B1-164,10.1016/j.jhazmat.2026.141609,https://doi.org/10.1016/j.jhazmat.2026.141609,Antioxidant supplementation under microplastic stress: Protective or pro-oxidant effects in amphibians,Jun-Kyu Park; Ji-Eun Lee; Jun-Sung Kim; Seung-Jun Mun; Jae-Hyo Bae; Sung-Jin Cho; Yuno Do,2026,2026,Journal of Hazardous Materials,1071_2026_Park_Antioxidant_supplementation_under_microplastic_stress_Protective_or_pro-oxidant_effects_j.jhazmat.2026.141609.pdf,Glandirana rugosa,Amphibian,Larval tadpoles through metamorphosis,Parental adults collected only to obtain three clutches,"Single-generation chronic factorial MP × vitamin C experiment across Gosner stages 39, 42 and 46",Freshwater laboratory tanks,Polystyrene,Microplastic,10 µm,Manufacturer nominal fluorescent microspheres; independent distribution not reported,Spherical microspheres,Virgin,"Yes, fluorescent PS microspheres",Waterborne MP plus dietary vitamin C,0 or 180 particles/mL PS crossed with 0 or 600 mg/kg vitamin C in diet,Gosner stage 26,Until Gosner stage 46; approximately chronic larval period,0 and 180 particles/mL PS; 0 and 600 mg/kg vitamin C,particles/mL and mg/kg diet,YES,Vitamin C supplementation,"2 × 2 design: control, vitamin C, MP, MP + vitamin C",Tank for exposure; individuals sampled within tank,6 tanks per treatment,15 tadpoles per tank,Low mass concentration (approximately 5.55 × 10^-7 g/L) but monodisperse pristine spheres,Corticosterone; SOD; CAT; GPX,Survival; developmental timing; body length; body mass; malformation,YES,PARTIAL - exact hazard ratios and omnibus statistics; group means and dispersion are graphical,"Appendices cited for detailed methods, not supplied separately",Not publicly deposited in the article,INCLUDE,Manually verified,"The factorial design directly tests mitigation, but individual-level survival analysis may not fully account for six-tank clustering. Vitamin C briefly improved development/growth yet did not reduce mortality and produced persistent CAT/GPX elevation under co-exposure.",YES,YES,YES,NO,NO,PARTIAL,YES,NO,,,,,,,"Strong factorial and stage-resolved design, but continuous group means/dispersion are graphical and survival clustering is not explicit.",2026,Amphibian,Freshwater,Mixed waterborne–dietary,PS,Microplastic,Embryo or larva,Single-generation,Directional or nonstandard evidence only,2026,Amphibian,Mixed waterborne–dietary,PS,Microplastic
B1-165,10.1016/j.jhazmat.2024.135325,https://doi.org/10.1016/j.jhazmat.2024.135325,Developmental temperature modulates microplastics impact on amphibian life history without affecting ontogenetic microplastic transfer,Jun-Kyu Park; Yuno Do,2024,2024,Journal of Hazardous Materials,1072_2024_Park_Developmental_temperature_modulates_microplastics_impact_on_amphibian_life_history_j.jhazmat.2024.135325.pdf,Dryophytes japonicus,Amphibian,"Tadpole, metamorph, and froglet 30 d after metamorphosis",Adults used to obtain egg clutches,Single-generation 2 × 2 temperature × MP experiment with post-metamorphic follow-up,Freshwater laboratory tanks followed by terrestrial individual cages,Polystyrene,Microplastic,10 µm,Manufacturer nominal fluorescent microspheres,Spherical microspheres,Virgin,Yes,Waterborne during aquatic development,0 or 180 particles/mL at 22 or 30 °C; MP and temperature treatments removed after metamorphosis,Gosner stage 26,Aquatic larval period plus 30-d post-metamorphic recovery,0 and 180 particles/mL at 22 and 30 °C,particles/mL,YES within each temperature stratum,Developmental temperature,"HC, HM, LC and LM factorial groups",Tank during aquatic exposure; individual cage after metamorphosis,5 tanks per condition,25 tadpoles per tank; 125 per condition initially,Temperature variation is ecologically relevant; particles are pristine and monodisperse,Corticosterone; SOD; gut morphology; fecal microbiome; internal MP burden,Developmental timing; survival; growth; hindlimb deformity; post-metamorphic persistence,YES,"PARTIAL - exact mortality/deformity counts, internal burden means, Table 1 mean±SD and model statistics; most group outcomes graphical",Supplementary videos/data and microbial figures cited but not supplied separately,Not publicly deposited in article,INCLUDE,Manually verified,"Aquatic MPs were retained through metamorphosis but absent after one terrestrial month. Methods describe replacement animals to maintain density, which complicates interpretation of survival cohorts. Table 1 provides exact deformed-versus-normal physiology values.",YES,YES,YES,PARTIAL,PARTIAL,YES,YES,NO,,,,,,,"Exact mortality/deformity counts, internal burden means and Table 1 physiology are available; replacement animals complicate survival interpretation.",2024,Amphibian,Freshwater,Waterborne,PS,Microplastic,Embryo or larva,Single-generation,Directional or nonstandard evidence only,2024,Amphibian,Waterborne,PS,Microplastic
B1-166,10.1016/j.jhazmat.2025.138212,https://doi.org/10.1016/j.jhazmat.2025.138212,Impacts and transport of microplastics: Population dynamics in frogs and the transfer between aquatic and terrestrial ecosystems,Jun-Kyu Park; Ji-Eun Lee; Yuno Do,2025,2025,Journal of Hazardous Materials,1073_2025_Park_Impacts_and_transport_of_microplastics_Population_dynamics_in_frogs_j.jhazmat.2025.138212.pdf,Dryophytes japonicus,Amphibian,Egg through metamorphosis with population simulation,Nine breeding pairs generated nine clutches,Empirical split-clutch experiment plus 20-year individual-based population model under eight scenarios,Freshwater laboratory breeding and rearing tanks with modeled aquatic-to-terrestrial transfer,Polystyrene,Microplastic,10 µm,Manufacturer nominal fluorescent microspheres,Spherical microspheres,Virgin,Yes,Waterborne,0 or 180 particles/mL from 24 h after oviposition through metamorphosis,"Egg stage, 24 h after laying",Embryonic and larval development through 48 h post-metamorphosis; model projected 20 y,0 and 180 particles/mL,particles/mL,YES,"Modeled resource limitation, disease and disasters",Each of nine clutches split between control and MP treatment,Breeding clutch/tank for empirical experiment; simulation replicate for model,9 control and 9 treatment tanks/clutches,2654 control eggs and 2642 treatment eggs total across nine tanks,Empirical particle exposure is pristine and laboratory based; population/ecosystem implications are model-derived,Internal MP burden and transport,"Hatching; larval survival; metamorphosis; modeled population size, lambda and extinction risk",YES for empirical demographic parameters; population outcomes are modeled,"PARTIAL - exact denominators, percentages and selected scenario outputs; full simulation distributions not tabulated",Appendix 1 parameters cited; no separate file supplied,Not publicly deposited in article,INCLUDE WITH MODEL-DERIVED OUTCOMES FLAGGED,Manually verified,"This is a rare population-level study, but the extreme log-rank statistic suggests individual eggs were treated as independent despite nine clutch/tank replicates. Population and cross-ecosystem effects are simulation outputs rather than direct field observations.",YES,YES,YES,PARTIAL,NO,YES,YES,NO,,,,,,,"Empirical demographic denominators are strong, but the population and transfer outcomes are model-derived and the survival test appears pseudoreplicated.",2025,Amphibian,Freshwater,Waterborne,PS,Microplastic,Embryo or larva,Single-generation or unclear,Directional or nonstandard evidence only,2025,Amphibian,Waterborne,PS,Microplastic
B1-167,10.1016/j.chemosphere.2024.143547,https://doi.org/10.1016/j.chemosphere.2024.143547,"Life on both environment in semi-aquatic frogs: Impact of aquatic microplastic (MP) from MP enrichment to growth, immune function and physiological stress",Jun-Kyu Park; Ji-Eun Lee; Yuno Do,2024,2024,Chemosphere,1074_2024_Park_Life_on_both_environment_in_semi-aquatic_frogs_Impact_of_aquatic_microplastic_j.chemosphere.2024.143547.pdf,Pelophylax nigromaculatus,Amphibian,Post-metamorphic juvenile froglets,Adults used to obtain three egg clutches,Single-generation 6-week concentration-response in individually housed juveniles,Semi-aquatic individual glass cages with separate aquatic and terrestrial sections,Polystyrene,Microplastic,9.9–10 µm,9.9 ± 0.01 µm from product specification,Spherical fluorescent microspheres,Virgin,Yes,Intermittent aquatic contact in semi-aquatic cages,"0, 18, 180 or 1800 particles/mL for 6 weeks","Juvenile, one month after metamorphosis",42 d,"0, 18, 180 and 1800 particles/mL",particles/mL,YES,,Four concentration groups with 12 individually housed frogs per group,Individual frog/cage,12 individuals per concentration,One frog per cage,"Includes a concentration gradient and intermittent semi-aquatic contact, but pristine spheres and high upper dose",Internal MP burden; corticosterone; BKA; SOD; CAT; gut morphology; fecal microbiome,Length growth; weight growth; survival,YES,PARTIAL - many exact group means but no printed SD; graphical distributions,Detailed methods and microbiome ordinations cited in supplements but not supplied,Not publicly deposited in article,INCLUDE,Manually verified,Individual housing avoids tank pseudoreplication. No mortality occurred. Exact text means support concentration-response evidence mapping but not variance-based meta-analysis.,YES,YES,YES,YES,NO,YES,YES,NO,,,,,,,"Many exact group means and individual independent units, but no printed SD/SE prevents effect-size synthesis.",2024,Amphibian,Other or unclear,Other or unclear,PS,Microplastic,Juvenile,Single-generation,Partially reusable,2024,Amphibian,Other or unclear,PS,Microplastic
B1-168,10.1016/j.aquatox.2025.107464,https://doi.org/10.1016/j.aquatox.2025.107464,Microplastic pollution and amphibian health: Complex physiological effects of different microplastic types on juvenile Glandirana rugosa,Jun-Kyu Park; Yuno Do,2025,2025,Aquatic Toxicology,1075_2025_Park_Microplastic_pollution_and_amphibian_health_Complex_physiological_effects_j.aquatox.2025.107464.pdf,Glandirana rugosa,Amphibian,Post-metamorphic juvenile frogs,Adults used to obtain three egg clutches,Single-generation 42-day polymer/particle comparison in individually housed juveniles,Semi-aquatic individual enclosures with aquatic bowls,High-density polyethylene and polypropylene; cellulose particle comparator,Microplastic,<90 µm cut size,"PE 10–95 µm; PP 12–98 µm, mainly 20–60 µm",Fragments/powders,Virgin,No; Nile red used after recovery,Intermittent aquatic contact,"Control, cellulose, 60 mg/L HDPE or 60 mg/L PP for 42 d","Juvenile, one month after metamorphosis",42 d,0 or 60 mg/L particles,mg/L,YES for PE and PP; cellulose nonplastic particulate comparator,Cellulose particulate comparator,"Control, cellulose, PE and PP groups",Individual frog/cage,20 individuals per group initially,One frog per cage,"Uses irregular low-density fragments and semi-aquatic exposure, but upper-end 60 mg/L",Corticosterone; BKA; SOD; CAT; GPX; gut morphology; body condition; hepatosomatic index; internal MP burden,Survival and body size,YES,PARTIAL - exact survival counts and test statistics; most continuous values graphical,No standalone numeric supplement supplied,Not publicly deposited in article,INCLUDE,Manually verified,"PE and PP caused mortality whereas cellulose did not, supporting plastic-specific effects beyond generic particles. Possible source-cohort overlap with the 2026 G. rugosa vitamin C study should be confirmed before treating reports as fully independent.",YES,YES,YES,NO,NO,YES,YES,NO,,,,,,,Exact survival and MP-detection counts are available; most continuous outcomes remain graphical.,2025,Amphibian,Other or unclear,Other or unclear,Mixed polymers,Microplastic,Juvenile,Single-generation,Directional or nonstandard evidence only,2025,Amphibian,Other or unclear,Mixed polymers,Microplastic
B1-169,10.1016/j.cbpc.2026.110610,https://doi.org/10.1016/j.cbpc.2026.110610,Microplastics selectively modify ranavirus-driven physiological disruption and gut microbiome restructuring in amphibians,Jun-Kyu Park; Ji-Eun Lee; Jun-Sung Kim; Min Sun Kim; Yuno Do,2026,2026,Comparative Biochemistry and Physiology Part C: Toxicology & Pharmacology,1076_2026_Park_Microplastics_selectively_modify_ranavirus-driven_physiological_disruption_j.cbpc.2026.110610.pdf,Litoria caerulea,Amphibian,Post-metamorphic juvenile frogs,Captive parental pair established colony,Sequential 4-dose MP exposure followed by ranavirus challenge with host–microbiome integration,Individual semi-terrestrial cages with glass water dishes,High-density polyethylene,Microplastic,<90 µm,"10–95 µm, predominantly 20–60 µm from prior verification",Fragments/powder,Virgin,No,Intermittent aquatic contact followed by oral ranavirus challenge,"0, 5, 20 or 60 mg/L HDPE for 6 weeks, then challenged or non-challenged with ranavirus for 14 d while MP exposure continued",Approximately five-month-old post-metamorphic frogs,42 d MP plus 14 d MP × ranavirus phase,"0, 5, 20 and 60 mg/L HDPE; 0 or 3.5 × 10^6 PFU ranavirus",mg/L and PFU,YES for non-challenged MP arms,Ranavirus,4 MP concentrations × challenged/non-challenged factorial design,Individual frog/cage,27 initially per MP dose; final groups n=9–15 after exclusions and RV allocation,One frog per cage,Intermittent water contact and pathogen co-stressor improve realism; pristine high-end HDPE remains laboratory exposure,Corticosterone; body condition; plasma biochemistry; BKA; SOD/CAT/GPX; viral load; gut microbiome; multiblock host–microbiome integration,Survival; body length; body mass; infection prevalence,YES,PARTIAL - exact mortality/infection counts and selected statistics; most group distributions graphical,Extensive Supplementary Methods and Appendix S1 cited but not supplied separately,Not publicly deposited in article,INCLUDE; MIXTURE OUTCOMES SEPARATED,Manually verified,"Ranavirus was the dominant driver, while MP increased viral burden and selectively modified physiological disruption. Only one MP × RV interaction remained FDR-significant, so generalized synergy should not be claimed.",YES,YES,YES,PARTIAL,NO,YES,YES,NO,,,,,,,"Factorial individual-level design with exact infection counts and model statistics, but continuous group distributions and supplement-level values are not fully tabulated.",2026,Amphibian,Other or unclear,Other or unclear,PE family,Microplastic,Juvenile,Single-generation or unclear,Directional or nonstandard evidence only,2026,Amphibian,Other or unclear,PE family,Microplastic
B1-170,10.3390/microplastics1030025,https://doi.org/10.3390/microplastics1030025,"Impaired Growth Performance of Wami Tilapia Juveniles (Oreochromis urolepis) (Norman, 1922) Due to Microplastic Induced Degeneration of the Small Intestine",Mbugani JJ; Machiwa JF; Shilla DA; Joseph D; Kimaro WH; Khan FR,2022,2022,Microplastics,0108_2022_Impaired_Growth_Performance_of_Wami_Tilapia_Juveniles_(Oreochromis_urolepis)_(Norman_1922)_Due_to_Micropl_microplastics1030025.pdf.pdf,Oreochromis urolepis,Fish,Larvae exposed from feeding onset and followed to juvenile stage,,Single-generation,Freshwater,Polyethylene,Microplastic,38-45 µm fluorescent PE microspheres,22-49 µm; mean 42.0 ± 3.2 µm reported for the same particle preparation,Spherical microspheres,Pristine,YES,Waterborne,Chronic 65-day exposure,Larvae at feeding onset,65 d,"0, 1, 10, 100",particles/mL,YES,None; Tween 80 used for suspension preparation,No-particle control with otherwise matched rearing conditions,Aquarium,3 aquaria per group,20 fish per aquarium,Pristine beads; highest concentrations exceed environmental relevance,Internal dose; intestinal histopathology and tissue injury,Growth; body condition,YES,Exact Table 3 means and SD restored; independent-n/SD basis remains unclear,Main article information restored from prior extraction and official article text; source PDF not mounted in this batch,No public raw dataset identified,INCLUDED IN EVIDENCE MAP; EXCLUDED FROM PRIMARY META-ANALYSIS UNTIL INDEPENDENT N IS VERIFIED,RESTORED FROM PRIOR EXTRACTION; PDF RE-VERIFICATION REQUIRED,"Legacy Study_ID B2-025. Three aquaria per group are reported, but Table 3 variability may reflect fish-level rather than aquarium-level dispersion.",YES,YES,YES,YES,YES,UC,YES,NO,,,,,,,"Exact means/SD exist, but independent-n and variance hierarchy require aquarium-level verification.",2022,Fish,Freshwater,Waterborne,PE family,Microplastic,Multiple stages or life cycle,Single-generation,Partially reusable,2022,Fish,Waterborne,PE family,Microplastic
B1-171,10.1016/j.envpol.2021.118502,https://doi.org/10.1016/j.envpol.2021.118502,"Microplastics influence physiological processes, growth and reproduction in the Manila clam, Ruditapes philippinarum",Jiang W; Fang J; Du M; Gao Y; Fang J; Jiang Z,2022,2021,Environmental Pollution,0109_2022_Microplastics_influence_physiological_processes_growth_and_reproduction_in_the_Manila_clam_Ruditapes_phil_j.envpol.2021.118502.pdf.pdf,Ruditapes philippinarum,Mollusc,Adult,Test organism,Single-generation with model projection,Marine,Polystyrene,Microplastic,5 and 10 µm,Not recovered in current source set,Microspheres,Pristine,Not recovered,Waterborne/filter feeding,30-day experimental exposure plus 200-day DEB projection,Adult clams,30 d observed; 200 d model projection,,,YES,,Untreated seawater control,"Tank, but independent tank count requires source re-verification",Unclear in restored record,Endpoint-specific n = 15 or 18 reported in figure captions; independence unclear,Pristine spherical PS; particle sinking/wall loss reported,Internal dose; feeding and absorption; respiration and excretion; energy metabolism; transcriptomics,"Growth and reproduction, including DEB-model projections",YES,Figure means and SD reported; no axis-calibrated values restored,Supplement not present in current workspace,Data availability not established,INCLUDED IN EVIDENCE MAP; MODEL-DERIVED POPULATION CONSEQUENCES KEPT SEPARATE,RESTORED FROM PRIOR EXTRACTION; PDF RE-VERIFICATION REQUIRED,Legacy Study_ID B2-026. The 200-day growth and reproduction consequences are DEB model projections rather than direct long-term observations.,YES,YES,YES,YES,YES,UC,UC,NO,,,,,,,"Figure means/SD and endpoint n are reported, but independent tank replication is not resolved in the restored record.",2021,Mollusc,Marine,Mixed waterborne–dietary,PS,Microplastic,Adult,Single-generation,Partially reusable,2021,Mollusc,Mixed waterborne–dietary,PS,Microplastic
B1-172,10.1016/j.ecoenv.2022.113962,https://doi.org/10.1016/j.ecoenv.2022.113962,Chronic effects of nano and microplastics on reproduction and development of marine copepod Tigriopus japonicus,Kim K; Yoon H; Choi JS; Jung YJ; Park JW,2022,2022,Ecotoxicology and Environmental Safety,0110_2022_Chronic_effects_of_nano_and_microplastics_on_reproduction_and_development_of_marine_copepod_Tigriopus_jap_j.ecoenv.2022.113962.pdf.pdf,Tigriopus japonicus,Crustacean,Nauplii and developing copepods,Test organism,Single-generation chronic life-history test,Marine,Polystyrene,Nano- and microplastic,50 nm and 2 µm,42.71 ± 9.80 nm and 1.88 ± 0.05 µm,Monodisperse microspheres,Pristine/non-functionalized,YES; Fluoresbrite YG,Waterborne,Chronic 30-day concentration series,24-48 h old nauplii for survival assay,30 d,"0, 0.5 µg/L, 0.1, 1, 10, 100 mg/L",µg/L and mg/L,YES,,Artificial seawater control,Well,Replicate count requires source re-verification,10 copepods per well for survival assay,Includes 0.5 µg/L environmentally relevant treatment and very high hazard concentrations,Oxidative stress; nitric oxide; Cat/Tnf and reproductive gene expression,Survival; development; reproduction,YES,Figure-reported outcomes and LC50 values; arm means not restored,Open-access article; supplement not mounted in current workspace,No machine-readable raw dataset identified,INCLUDED IN EVIDENCE MAP; FIGURE-ONLY FOR CURRENT EFFECT-SIZE SYNTHESIS,RESTORED FROM PRIOR EXTRACTION; PDF RE-VERIFICATION REQUIRED,Legacy Study_ID B2-027. Concentration range spans more than five orders of magnitude; low- and high-dose interpretations must be separated.,YES,YES,YES,YES,YES,UC,YES,NO,,,,,,,Well-based design is reported; replicate count and arm-specific independent n require primary-PDF confirmation.,2022,Crustacean,Marine,Waterborne,PS,Nanoplastic,Embryo or larva,Single-generation,Partially reusable,2022,Crustacean,Waterborne,PS,Nanoplastic
B1-173,10.1016/j.jhazmat.2022.129847,https://doi.org/10.1016/j.jhazmat.2022.129847,"How can my shoes affect the amphibian health? A study of the toxicity of microplastics from shoe sole (Polyvinyl chloride acetate) on Physalaemus cuvieri tadpoles (Anura, Leptodactylidae)",Araújo APC; da Luz TM; Gonçalves SD; Rajagopal R; Rahman MM; Silva DDE; Malafaia G,2022,2022,Journal of Hazardous Materials,0111_2022_How_can_my_shoes_affect_the_amphibian_health_A_study_of_the_toxicity_of_microplastics_from_shoe_sole_(Pol_j.jhazmat.2022.129847.pdf.pdf,Physalaemus cuvieri,Amphibian,Tadpole,,Single-generation,Freshwater,Polyvinyl chloride acetate from shoe sole,Microplastic,Product-derived irregular fragments,Mean ingested-particle diameter 148.8 µm,Irregular fragments,Product-derived shoe-sole particles,"NO; particles characterized by Raman, SEM-EDS and fluorescence microscopy",Waterborne,30-day chronic exposure,Tadpole,30 d,"0, 2×10^5, 4×10^6",particles/m3,YES,Complex shoe-sole composition intrinsic to the tested particles,Unexposed water control,Exposure container; replicate count requires source re-verification,Unclear in restored record,Unclear in restored record,Irregular product-derived particles; concentrations experimentally imposed,Internal dose; intestinal and oral morphology; antioxidant enzymes; H2O2 and nitrite,Growth/body condition; development,YES,Mostly median/IQR or figure-reported outcomes; no visual digitization retained,Supplement not present in current workspace,No public raw dataset identified,INCLUDED IN EVIDENCE MAP; NOT PRIMARY CONTINUOUS META-ANALYSIS READY,RESTORED FROM PRIOR EXTRACTION; PDF RE-VERIFICATION REQUIRED,"Legacy Study_ID B2-028. Product-derived particles improve shape realism, but polymer-associated additives are inseparable from the particle treatment.",YES,YES,YES,YES,YES,UC,UC,NO,,,,,,,"Median/IQR and figure outcomes are reported, but container replication and group-specific independent n remain unresolved.",2022,Amphibian,Freshwater,Waterborne,PVC,Microplastic,Embryo or larva,Single-generation,Partially reusable,2022,Amphibian,Waterborne,PVC,Microplastic
B1-174,10.1016/j.envres.2022.113433,https://doi.org/10.1016/j.envres.2022.113433,Nanoplastics are bioaccumulated in fish liver and muscle and cause DNA damage after a chronic exposure,Brandts I; Cánovas M; Tvarijonaviciute A; Llorca M; Vega A; Farré M; Pastor J; Roher N; Teles M,2022,2022,Environmental Research,0112_2022_Nanoplastics_are_bioaccumulated_in_fish_liver_and_muscle_and_cause_DNA_damage_after_a_chronic_exposure_j.envres.2022.113433.pdf.pdf,Carassius auratus,Fish,Adult,Test organism,Single-generation,Freshwater,Polystyrene,Nanoplastic,44 nm,Hydrodynamic characterization reported over 0-120 h,Spherical nanoparticles,Pristine,NO,Waterborne,Chronic 30-day exposure,Adult goldfish,30 d,100,µg/L,YES,,Matched unexposed aquarium control,Aquarium,4 aquaria per treatment reported in linked analytical-method study,4 fish per aquarium in linked analytical-method study,Low mass concentration but pristine engineered nanospheres,Internal dose; genotoxicity; hematology; cortisol and glucose,Survival and biometric condition,YES,Figure-reported mean/SD outcomes; exact arm values not restored,Open-access article; supplement not mounted in current workspace,No machine-readable raw dataset identified,INCLUDED IN EVIDENCE MAP; FIGURE-ONLY FOR CURRENT EFFECT-SIZE SYNTHESIS,RESTORED FROM PRIOR EXTRACTION; PDF RE-VERIFICATION REQUIRED,Legacy Study_ID B2-029. Fish-level outcomes are nested within aquaria; source-specific independent-n mapping must be confirmed before meta-analysis.,YES,YES,YES,YES,YES,UC,YES,NO,,,,,,,Aquarium design is documented in a linked methods paper; primary article endpoint-specific n must be re-verified.,2022,Fish,Freshwater,Waterborne,PS,Nanoplastic,Adult,Single-generation,Partially reusable,2022,Fish,Waterborne,PS,Nanoplastic
